Item ID,Department Name,Item Name,Size,Item Size,Base Price Palmers,,,,,,,,,,,,,,,,,,,,
4050,004 DELI,Finlandia Swiss Cheese,LB,Per LB,$9.99,,,,,,,,,,,,,,,,,,,,
4414,004 DELI,Green Beans,LB,Per LB,$7.99,,,,,,,,,,,,,,,,,,,,
16012,016 PREPARED FOODS,Manchego 6 month,LB,Per LB,$35.99,,,,,,,,,,,,,,,,,,,,
16026,016 PREPARED FOODS,Marinated Olives And Feta,LB,Per LB,$12.99,,,,,,,,,,,,,,,,,,,,
16030,016 PREPARED FOODS,Prufrock Cheese,LB,Per LB,$25.99,,,,,,,,,,,,,,,,,,,,
16031,016 PREPARED FOODS,Eidolon Cheese,LB,Per LB,$35.99,,,,,,,,,,,,,,,,,,,,
16034,016 PREPARED FOODS,Wenslydale with Cranberries,LB,Per LB,$27.99,,,,,,,,,,,,,,,,,,,,
16037,016 PREPARED FOODS,Ponce De Leon Truffle Cordero,LB,Per LB,$31.99,,,,,,,,,,,,,,,,,,,,
16040,016 PREPARED FOODS,Sartori Bellavitano Merlot,LB,Per LB,$22.99,,,,,,,,,,,,,,,,,,,,
16051,016 PREPARED FOODS,Grand Noir,LB,Per LB,$26.99,,,,,,,,,,,,,,,,,,,,
16062,016 PREPARED FOODS,Fontina Danish Cheese,LB,Per LB,$14.99,,,,,,,,,,,,,,,,,,,,
16063,016 PREPARED FOODS,Karst Cave Aged Cheese,LB,Per LB,$28.99,,,,,,,,,,,,,,,,,,,,
16071,016 PREPARED FOODS,Marinated Mushrooms,LB,Per LB,$19.99,,,,,,,,,,,,,,,,,,,,
16072,016 PREPARED FOODS,Garlic & Herb Pepperazzi,LB,Per LB,$12.99,,,,,,,,,,,,,,,,,,,,
16074,016 PREPARED FOODS,Applewood Smoked Ham,LB,Per LB,$14.99,,,,,,,,,,,,,,,,,,,,
16087,016 PREPARED FOODS,Seasoned Olive Medley,LB,Per LB,$11.99,,,,,,,,,,,,,,,,,,,,
16088,016 PREPARED FOODS,Provolini Antipasti,LB,Per LB,$24.49,,,,,,,,,,,,,,,,,,,,
16095,016 PREPARED FOODS,Jumbo Sicilian Olive,LB,Per LB,$11.99,,,,,,,,,,,,,,,,,,,,
16097,016 PREPARED FOODS,Antipasto Delight,LB,Per LB,$10.99,,,,,,,,,,,,,,,,,,,,
16098,016 PREPARED FOODS,Pitted Jubilee Olives,LB,Per LB,$14.99,,,,,,,,,,,,,,,,,,,,
16100,016 PREPARED FOODS,Rogue Smokey Blue Cheese,LB,Per LB,$45.99,,,,,,,,,,,,,,,,,,,,
16101,016 PREPARED FOODS,Roast Turkey,LB,Per LB,$15.99,,,,,,,,,,,,,,,,,,,,
16102,016 PREPARED FOODS,Thuman`s Natural Turkey,LB,Per LB,$15.99,,,,,,,,,,,,,,,,,,,,
16103,016 PREPARED FOODS,Boar's Head Ovengold Turkey,LB,Per LB,$15.99,,,,,,,,,,,,,,,,,,,,
16104,016 PREPARED FOODS,Boar`s Head Maple Turkey,LB,Per LB,$15.99,,,,,,,,,,,,,,,,,,,,
16105,016 PREPARED FOODS,Boar`s Head Black Forest Turkey,LB,Per LB,$15.99,,,,,,,,,,,,,,,,,,,,
16106,016 PREPARED FOODS,Boar`s Head Mesquite Turkey,LB,Per LB,$15.99,,,,,,,,,,,,,,,,,,,,
16107,016 PREPARED FOODS,Boar`s Head Cracked Pepper Turkey,LB,Per LB,$15.99,,,,,,,,,,,,,,,,,,,,
16108,016 PREPARED FOODS,Boar`s Head Sausalito Turkey,LB,Per LB,$15.99,,,,,,,,,,,,,,,,,,,,
16109,016 PREPARED FOODS,Boar`s Head No Salt Turkey,LB,Per LB,$15.99,,,,,,,,,,,,,,,,,,,,
16110,016 PREPARED FOODS,Boar`s Head Low Sodium Turkey,LB,Per LB,$15.99,,,,,,,,,,,,,,,,,,,,
16111,016 PREPARED FOODS,Boars Head Pastrami Turkey,LB,Per LB,$16.99,,,,,,,,,,,,,,,,,,,,
16112,016 PREPARED FOODS,Boar`s Head Everoast Chicken,LB,Per LB,$15.99,,,,,,,,,,,,,,,,,,,,
16113,016 PREPARED FOODS,Boar`s Head Grilled Chicken,LB,Per LB,$15.99,,,,,,,,,,,,,,,,,,,,
16114,016 PREPARED FOODS,Boar`s Head Rotisserie Chicken,LB,Per LB,$15.99,,,,,,,,,,,,,,,,,,,,
16115,016 PREPARED FOODS,Boar`s Head BBQ Chicken,LB,Per LB,$15.99,,,,,,,,,,,,,,,,,,,,
16116,016 PREPARED FOODS,Boar`s Head Buffalo Chicken,LB,Per LB,$15.99,,,,,,,,,,,,,,,,,,,,
16117,016 PREPARED FOODS,Boars Head Chipotle Chicken,LB,Per LB,$15.99,,,,,,,,,,,,,,,,,,,,
16118,016 PREPARED FOODS,Boar`s Head Low Salt Chicken,LB,Per LB,$15.99,,,,,,,,,,,,,,,,,,,,
16119,016 PREPARED FOODS,Swedish Ham,LB,Per LB,$16.99,,,,,,,,,,,,,,,,,,,,
16120,016 PREPARED FOODS,Thuman`s Natural Ham,LB,Per LB,$13.99,,,,,,,,,,,,,,,,,,,,
16122,016 PREPARED FOODS,Boar`s Head Low Salt Ham,LB,Per LB,$13.99,,,,,,,,,,,,,,,,,,,,
16124,016 PREPARED FOODS,Thuman's Black Forest Ham,LB,Per LB,$13.99,,,,,,,,,,,,,,,,,,,,
16125,016 PREPARED FOODS,Thuman's Virginia Ham,LB,Per LB,$13.99,,,,,,,,,,,,,,,,,,,,
16126,016 PREPARED FOODS,Boar`s Head Honey Ham,LB,Per LB,$13.99,,,,,,,,,,,,,,,,,,,,
16127,016 PREPARED FOODS,Boars Head Sweet Slice Ham,LB,Per LB,$13.99,,,,,,,,,,,,,,,,,,,,
16128,016 PREPARED FOODS,Rosemary Ham,LB,Per LB,$13.99,,,,,,,,,,,,,,,,,,,,
16129,016 PREPARED FOODS,Boars Head Pepper Ham,LB,Per LB,$13.99,,,,,,,,,,,,,,,,,,,,
16131,016 PREPARED FOODS,Manchego Artesano 8 Month,LB,Per LB,$37.99,,,,,,,,,,,,,,,,,,,,
16134,016 PREPARED FOODS,Boars Head Natural Roast Turkey,LB,Per LB,$15.99,,,,,,,,,,,,,,,,,,,,
16135,016 PREPARED FOODS,Off the Bone Ham,LB,Per LB,$13.99,,,,,,,,,,,,,,,,,,,,
16136,016 PREPARED FOODS,Beechers Flagship Cheddar,LB,Per LB,$24.99,,,,,,,,,,,,,,,,,,,,
16139,016 PREPARED FOODS,Fromager D`Affinois Truffle,LB,Per LB,$34.99,,,,,,,,,,,,,,,,,,,,
16140,016 PREPARED FOODS,Point Reyes Original Blue,LB,Per LB,$27.99,,,,,,,,,,,,,,,,,,,,
16142,016 PREPARED FOODS,Morbier,LB,Per LB,$16.99,,,,,,,,,,,,,,,,,,,,
16143,016 PREPARED FOODS,Mimolette,LB,Per LB,$32.99,,,,,,,,,,,,,,,,,,,,
16144,016 PREPARED FOODS,Toma Point Reyes,LB,Per LB,$29.99,,,,,,,,,,,,,,,,,,,,
16145,016 PREPARED FOODS,Bucherondin De Chevre,LB,Per LB,$24.99,,,,,,,,,,,,,,,,,,,,
16147,016 PREPARED FOODS,Shelburne Farms Cheddar,LB,Per LB,$26.99,,,,,,,,,,,,,,,,,,,,
16148,016 PREPARED FOODS,Taleggio,LB,Per LB,$18.99,,,,,,,,,,,,,,,,,,,,
16149,016 PREPARED FOODS,Gorgonzola Dolce,LB,Per LB,$20.99,,,,,,,,,,,,,,,,,,,,
16151,016 PREPARED FOODS,Classic Beemster,LB,Per LB,$21.99,,,,,,,,,,,,,,,,,,,,
16152,016 PREPARED FOODS,Marcona Almonds,LB,Per LB,$26.99,,,,,,,,,,,,,,,,,,,,
16153,016 PREPARED FOODS,Caramelized Pecans,LB,Per LB,$29.99,,,,,,,,,,,,,,,,,,,,
16154,016 PREPARED FOODS,Crumbled Gorgonzola Cheese,LB,Per LB,$11.99,,,,,,,,,,,,,,,,,,,,
16155,016 PREPARED FOODS,Beemster Xo 26 Months,LB,Per LB,$25.99,,,,,,,,,,,,,,,,,,,,
16156,016 PREPARED FOODS,Cabot Clothbound,LB,Per LB,$32.99,,,,,,,,,,,,,,,,,,,,
16157,016 PREPARED FOODS,Moliterno Al Tartufo,LB,Per LB,$42.99,,,,,,,,,,,,,,,,,,,,
16159,016 PREPARED FOODS,Raclette De Savoie,LB,Per LB,$15.99,,,,,,,,,,,,,,,,,,,,
16160,016 PREPARED FOODS,Roast Beef,LB,Per LB,$18.99,,,,,,,,,,,,,,,,,,,,
16161,016 PREPARED FOODS,Corned Beef,LB,Per LB,$16.99,,,,,,,,,,,,,,,,,,,,
16162,016 PREPARED FOODS,Boar`s Head Pastrami,LB,Per LB,$16.99,,,,,,,,,,,,,,,,,,,,
16163,016 PREPARED FOODS,Boars Head Roast Top Round,LB,Per LB,$17.99,,,,,,,,,,,,,,,,,,,,
16164,016 PREPARED FOODS,Boars Head Italian Roast Beef,LB,Per LB,$18.99,,,,,,,,,,,,,,,,,,,,
16165,016 PREPARED FOODS,Prosciutto Di Parma,LB,Per LB,$26.99,,,,,,,,,,,,,,,,,,,,
16166,016 PREPARED FOODS,Tempesta Wagyu Uncured Pastrami,LB,Per LB,$29.99,,,,,,,,,,,,,,,,,,,,
16168,016 PREPARED FOODS,Boars Head Pancetta,LB,Per LB,$17.99,,,,,,,,,,,,,,,,,,,,
16169,016 PREPARED FOODS,Boars Head Sopressata Grande,LB,Per LB,$16.99,,,,,,,,,,,,,,,,,,,,
16170,016 PREPARED FOODS,Boars Head Capicola,LB,Per LB,$16.99,,,,,,,,,,,,,,,,,,,,
16171,016 PREPARED FOODS,Boar`s Head Mortadella,LB,Per LB,$10.99,,,,,,,,,,,,,,,,,,,,
16172,016 PREPARED FOODS,Boar`s Head Genoa Salami,LB,Per LB,$13.99,,,,,,,,,,,,,,,,,,,,
16173,016 PREPARED FOODS,Boar`s Head Hard Salami,LB,Per LB,$12.99,,,,,,,,,,,,,,,,,,,,
16174,016 PREPARED FOODS,Thuman's German Bologna,LB,Per LB,$9.99,,,,,,,,,,,,,,,,,,,,
16175,016 PREPARED FOODS,Beef Bologna,LB,Per LB,$10.99,,,,,,,,,,,,,,,,,,,,
16176,016 PREPARED FOODS,Sartori Sarvecchio Parmesan,LB,Per LB,$23.99,,,,,,,,,,,,,,,,,,,,
16177,016 PREPARED FOODS,Boar`s Head Beef Bologna,LB,Per LB,$10.99,,,,,,,,,,,,,,,,,,,,
16178,016 PREPARED FOODS,Strauss Liverwurst,LB,Per LB,$9.99,,,,,,,,,,,,,,,,,,,,
16179,016 PREPARED FOODS,Thuman's Liverwurst,LB,Per LB,$9.99,,,,,,,,,,,,,,,,,,,,
16181,016 PREPARED FOODS,Boar`s Head Hot Ham Cappy,LB,Per LB,$13.99,,,,,,,,,,,,,,,,,,,,
16182,016 PREPARED FOODS,Mothergoose Liverwurst,LB,Per LB,$5.99,,,,,,,,,,,,,,,,,,,,
16183,016 PREPARED FOODS,Wunderbar Bologna,LB,Per LB,$7.99,,,,,,,,,,,,,,,,,,,,
16184,016 PREPARED FOODS,Hormel Pepperoni,LB,Per LB,$12.99,,,,,,,,,,,,,,,,,,,,
16185,016 PREPARED FOODS,Tempesta Finocchiona Salami,LB,Per LB,$44.99,,,,,,,,,,,,,,,,,,,,
16186,016 PREPARED FOODS,Tempesta Nduja Spreadable Salami,LB,Per LB,$44.99,,,,,,,,,,,,,,,,,,,,
16188,016 PREPARED FOODS,Land O Lakes Yellow American Che,LB,Per LB,$10.99,,,,,,,,,,,,,,,,,,,,
16189,016 PREPARED FOODS,Land O Lakes Low Sodium White Am,LB,Per LB,$10.99,,,,,,,,,,,,,,,,,,,,
16190,016 PREPARED FOODS,Cooper American Cheese,LB,Per LB,$8.99,,,,,,,,,,,,,,,,,,,,
16191,016 PREPARED FOODS,Boar`s Head White American,LB,Per LB,$10.99,,,,,,,,,,,,,,,,,,,,
16192,016 PREPARED FOODS,Boar`s Head Yellow American,LB,Per LB,$10.99,,,,,,,,,,,,,,,,,,,,
16193,016 PREPARED FOODS,Finlandia Swiss Cheese,LB,Per LB,$11.99,,,,,,,,,,,,,,,,,,,,
16194,016 PREPARED FOODS,Jarlsberg Light,LB,Per LB,$15.99,,,,,,,,,,,,,,,,,,,,
16195,016 PREPARED FOODS,Alpine Lace Swiss,LB,Per LB,$11.99,,,,,,,,,,,,,,,,,,,,
16196,016 PREPARED FOODS,Swiss Lorraine,LB,Per LB,$12.99,,,,,,,,,,,,,,,,,,,,
16197,016 PREPARED FOODS,Boar`s Head Muenster Cheese,LB,Per LB,$11.99,,,,,,,,,,,,,,,,,,,,
16200,016 PREPARED FOODS,French Brie Champs 60%,LB,Per LB,$12.99,,,,,,,,,,,,,,,,,,,,
16201,016 PREPARED FOODS,Crumbled Blue Cheese,LB,Per LB,$11.99,,,,,,,,,,,,,,,,,,,,
16202,016 PREPARED FOODS,Belletoile Triple Creme 70% Brie,LB,Per LB,$20.99,,,,,,,,,,,,,,,,,,,,
16203,016 PREPARED FOODS,Supreme Brie,LB,Per LB,$22.99,,,,,,,,,,,,,,,,,,,,
16204,016 PREPARED FOODS,Brie de Nangis Rouzaire,LB,Per LB,$27.99,,,,,,,,,,,,,,,,,,,,
16205,016 PREPARED FOODS,Humboldt Fog,LB,Per LB,$41.99,,,,,,,,,,,,,,,,,,,,
16206,016 PREPARED FOODS,St Andre,LB,Per LB,$32.99,,,,,,,,,,,,,,,,,,,,
16208,016 PREPARED FOODS,Manchego Anejo 12 Month,LB,Per LB,$34.99,,,,,,,,,,,,,,,,,,,,
16209,016 PREPARED FOODS,Havarti Cheese,LB,Per LB,$12.99,,,,,,,,,,,,,,,,,,,,
16211,016 PREPARED FOODS,Roquefort,LB,Per LB,$29.99,,,,,,,,,,,,,,,,,,,,
16212,016 PREPARED FOODS,3LP Mousse Truffee,LB,Per LB,$32.99,,,,,,,,,,,,,,,,,,,,
16213,016 PREPARED FOODS,3LP Pate De Campagna,LB,Per LB,$24.99,,,,,,,,,,,,,,,,,,,,
16214,016 PREPARED FOODS,Delice De France Brie,LB,Per LB,$22.99,,,,,,,,,,,,,,,,,,,,
16215,016 PREPARED FOODS,Asiago Cheese,LB,Per LB,$10.99,,,,,,,,,,,,,,,,,,,,
16216,016 PREPARED FOODS,Port Salut,LB,Per LB,$19.99,,,,,,,,,,,,,,,,,,,,
16217,016 PREPARED FOODS,Fromager D`Affinois,LB,Per LB,$26.99,,,,,,,,,,,,,,,,,,,,
16219,016 PREPARED FOODS,Maytag Blue Cheese,LB,Per LB,$29.99,,,,,,,,,,,,,,,,,,,,
16220,016 PREPARED FOODS,Beemster Vlaskaas,LB,Per LB,$28.99,,,,,,,,,,,,,,,,,,,,
16221,016 PREPARED FOODS,Jarlsberg,LB,Per LB,$15.99,,,,,,,,,,,,,,,,,,,,
16224,016 PREPARED FOODS,Gorgonzola Picante,LB,Per LB,$22.99,,,,,,,,,,,,,,,,,,,,
16225,016 PREPARED FOODS,St. Agur,LB,Per LB,$31.99,,,,,,,,,,,,,,,,,,,,
16226,016 PREPARED FOODS,Parmigiano-Reggiano,LB,Per LB,$20.99,,,,,,,,,,,,,,,,,,,,
16227,016 PREPARED FOODS,Pecorino Romano Wedge,LB,Per LB,$23.99,,,,,,,,,,,,,,,,,,,,
16228,016 PREPARED FOODS,Grated Parmesan,LB,Per LB,$11.99,,,,,,,,,,,,,,,,,,,,
16229,016 PREPARED FOODS,Provolone Picante,LB,Per LB,$16.99,,,,,,,,,,,,,,,,,,,,
16231,016 PREPARED FOODS,Drunken Goat Cheese,LB,Per LB,$31.99,,,,,,,,,,,,,,,,,,,,
16232,016 PREPARED FOODS,Fresh Mozzarella 1 Lb,LB,Per LB,$9.99,,,,,,,,,,,,,,,,,,,,
16233,016 PREPARED FOODS,Mystic Cheese - Melinda Mae,LB,Per LB,$31.99,,,,,,,,,,,,,,,,,,,,
16236,016 PREPARED FOODS,Blue Stilton,LB,Per LB,$28.99,,,,,,,,,,,,,,,,,,,,
16238,016 PREPARED FOODS,Red Wax Gouda,LB,Per LB,$18.99,,,,,,,,,,,,,,,,,,,,
16239,016 PREPARED FOODS,Coastal Cheddar Cheese,LB,Per LB,$15.99,,,,,,,,,,,,,,,,,,,,
16240,016 PREPARED FOODS,Fromager D`Affinois Blue,LB,Per LB,$27.99,,,,,,,,,,,,,,,,,,,,
16241,016 PREPARED FOODS,Gruyere,LB,Per LB,$27.99,,,,,,,,,,,,,,,,,,,,
16242,016 PREPARED FOODS,Grilled Artichokes,LB,Per LB,$12.99,,,,,,,,,,,,,,,,,,,,
16244,016 PREPARED FOODS,Cabot Vermont Cheddar,LB,Per LB,$8.99,,,,,,,,,,,,,,,,,,,,
16246,016 PREPARED FOODS,Emmentaler Classic,LB,Per LB,$22.99,,,,,,,,,,,,,,,,,,,,
16248,016 PREPARED FOODS,Cambozola Black Label,LB,Per LB,$22.99,,,,,,,,,,,,,,,,,,,,
16251,016 PREPARED FOODS,Stuffed Cherry Peppers,LB,Per LB,$9.99,,,,,,,,,,,,,,,,,,,,
16253,016 PREPARED FOODS,Midnight Moon,LB,Per LB,$37.99,,,,,,,,,,,,,,,,,,,,
16254,016 PREPARED FOODS,Black Wax Parmesan,LB,Per LB,$9.99,,,,,,,,,,,,,,,,,,,,
16255,016 PREPARED FOODS,Old Quebec Cheddar,LB,Per LB,$22.99,,,,,,,,,,,,,,,,,,,,
16256,016 PREPARED FOODS,Great Hill Blue,LB,Per LB,$23.99,,,,,,,,,,,,,,,,,,,,
16257,016 PREPARED FOODS,English Huntsman,LB,Per LB,$28.99,,,,,,,,,,,,,,,,,,,,
16258,016 PREPARED FOODS,Cashel Blue,LB,Per LB,$32.99,,,,,,,,,,,,,,,,,,,,
16259,016 PREPARED FOODS,Sweety Drop Peppers,LB,Per LB,$17.99,,,,,,,,,,,,,,,,,,,,
16263,016 PREPARED FOODS,Meze Olive Mix,LB,Per LB,$13.99,,,,,,,,,,,,,,,,,,,,
16264,016 PREPARED FOODS,Greek Mixed Pitted Olives,LB,Per LB,$13.99,,,,,,,,,,,,,,,,,,,,
16265,016 PREPARED FOODS,Blue Cheese Stuffed Olives,LB,Per LB,$18.99,,,,,,,,,,,,,,,,,,,,
16266,016 PREPARED FOODS,Cocktail Festive Olives,LB,Per LB,$13.99,,,,,,,,,,,,,,,,,,,,
16267,016 PREPARED FOODS,Mélange Of Provencal Olives,LB,Per LB,$14.99,,,,,,,,,,,,,,,,,,,,
16268,016 PREPARED FOODS,Roasted Yellow Tomatoes,LB,Per LB,$16.99,,,,,,,,,,,,,,,,,,,,
16269,016 PREPARED FOODS,Greek Green Olives,LB,Per LB,$13.99,,,,,,,,,,,,,,,,,,,,
16270,016 PREPARED FOODS,Brie Fermier Jouvence,LB,Per LB,$35.99,,,,,,,,,,,,,,,,,,,,
16271,016 PREPARED FOODS,Jasper Hill Oma,LB,Per LB,$35.99,,,,,,,,,,,,,,,,,,,,
16272,016 PREPARED FOODS,Roasted Red Tomatoes,LB,Per LB,$16.99,,,,,,,,,,,,,,,,,,,,
16273,016 PREPARED FOODS,Kalamata Olives,LB,Per LB,$13.99,,,,,,,,,,,,,,,,,,,,
16274,016 PREPARED FOODS,La Tur,LB,Per LB,$26.99,,,,,,,,,,,,,,,,,,,,
16277,016 PREPARED FOODS,Kalamata Olives,LB,Per LB,$14.99,,,,,,,,,,,,,,,,,,,,
16278,016 PREPARED FOODS,Lucques Olives,LB,Per LB,$16.99,,,,,,,,,,,,,,,,,,,,
16279,016 PREPARED FOODS,Castrelvetrano Olives,LB,Per LB,$15.99,,,,,,,,,,,,,,,,,,,,
16280,016 PREPARED FOODS,Black Oil-Cured Olives,LB,Per LB,$18.99,,,,,,,,,,,,,,,,,,,,
16281,016 PREPARED FOODS,Niçoise Coquilles Olives,LB,Per LB,$18.99,,,,,,,,,,,,,,,,,,,,
16282,016 PREPARED FOODS,Belaria Greek Olives,LB,Per LB,$13.99,,,,,,,,,,,,,,,,,,,,
16283,016 PREPARED FOODS,Marinated Gigande Beans,LB,Per LB,$7.99,,,,,,,,,,,,,,,,,,,,
16285,016 PREPARED FOODS,Boar`s Head Baby Swiss,LB,Per LB,$12.99,,,,,,,,,,,,,,,,,,,,
16286,016 PREPARED FOODS,Boar`s Head Imported Swiss,LB,Per LB,$12.99,,,,,,,,,,,,,,,,,,,,
16287,016 PREPARED FOODS,Boar`s Head Provolone Picante,LB,Per LB,$11.99,,,,,,,,,,,,,,,,,,,,
16288,016 PREPARED FOODS,Boar`s Head Low Sodium Provolone,LB,Per LB,$11.99,,,,,,,,,,,,,,,,,,,,
16290,016 PREPARED FOODS,Boar`s Head Vermont White Cheddar,LB,Per LB,$11.99,,,,,,,,,,,,,,,,,,,,
16291,016 PREPARED FOODS,Boar`s Head Vermont Yellow Chedd,LB,Per LB,$11.99,,,,,,,,,,,,,,,,,,,,
16292,016 PREPARED FOODS,Boar`s Head Monterey Jack,LB,Per LB,$10.99,,,,,,,,,,,,,,,,,,,,
16293,016 PREPARED FOODS,Boar`s Head Pepper Jack,LB,Per LB,$10.99,,,,,,,,,,,,,,,,,,,,
16294,016 PREPARED FOODS,Boar`s Head Mozzarella,LB,Per LB,$10.99,,,,,,,,,,,,,,,,,,,,
16295,016 PREPARED FOODS,Peppadew Peppers,LB,Per LB,$12.99,,,,,,,,,,,,,,,,,,,,
16296,016 PREPARED FOODS,Greek Pepper Mix,LB,Per LB,$8.99,,,,,,,,,,,,,,,,,,,,
16299,016 PREPARED FOODS,Mystic Cheese - The Gray,LB,Per LB,$31.99,,,,,,,,,,,,,,,,,,,,
16301,016 PREPARED FOODS,Sweet & Savory Nuts,LB,Per LB,$28.00,,,,,,,,,,,,,,,,,,,,
16479,016 PREPARED FOODS,Crunchy Veggie Salad,LB,Per LB,$11.99,,,,,,,,,,,,,,,,,,,,
16504,016 PREPARED FOODS,Palmer's Cheese Platter,LB,Per LB,$32.99,,,,,,,,,,,,,,,,,,,,
16509,016 PREPARED FOODS,Hummel Hot Dogs,LB,Per LB,$8.99,,,,,,,,,,,,,,,,,,,,
16525,016 PREPARED FOODS,Fresh Mozzarella Pearline,LB,Per LB,$16.99,,,,,,,,,,,,,,,,,,,,
16538,016 PREPARED FOODS,Brie de Meaux Rouzaire,LB,Per LB,$28.99,,,,,,,,,,,,,,,,,,,,
16579,016 PREPARED FOODS,Dolmas,LB,Per LB,$5.99,,,,,,,,,,,,,,,,,,,,
16903,016 PREPARED FOODS,Saint Angel,LB,Per LB,$22.99,,,,,,,,,,,,,,,,,,,,
16908,016 PREPARED FOODS,Emmenthaler 5-7Month,LB,Per LB,$19.99,,,,,,,,,,,,,,,,,,,,
16911,016 PREPARED FOODS,Fresh Ovolini Mozzarella,LB,Per LB,$16.99,,,,,,,,,,,,,,,,,,,,
16948,016 PREPARED FOODS,Ciliegine Fresh Mozzarella,LB,Per LB,$16.99,,,,,,,,,,,,,,,,,,,,
16976,016 PREPARED FOODS,Rice Pudding,LB,Per LB,$7.99,,,,,,,,,,,,,,,,,,,,
3101,003 MEAT DEPT,80% Lean Ground Chuck,LB,Per Lb,$6.99,,,,,,,,,,,,,,,,,,,,
3102,003 MEAT DEPT,Gorgonzola Burgers,LB,Per Lb,$9.49,,,,,,,,,,,,,,,,,,,,
3107,003 MEAT DEPT,PLAIN TURKEY BURGERS,LB,Per Lb,$5.99,,,,,,,,,,,,,,,,,,,,
3109,003 MEAT DEPT,85% Lean Ground Sirloin Patties,LB,Per Lb,$7.79,,,,,,,,,,,,,,,,,,,,
3110,003 MEAT DEPT,80% CHUCK BURGER,LB,Per Lb,$7.29,,,,,,,,,,,,,,,,,,,,
3111,003 MEAT DEPT,Boneless Sirloin Steaks,LB,Per Lb,$12.99,,,,,,,,,,,,,,,,,,,,
3113,003 MEAT DEPT,BONE-IN FILET,LB,Per Lb,$31.99,,,,,,,,,,,,,,,,,,,,
3117,003 MEAT DEPT,Porterhouse Steak,LB,Per Lb,$20.99,,,,,,,,,,,,,,,,,,,,
3118,003 MEAT DEPT,Local Greek Pastries,LB,Per Lb,$11.49,,,,,,,,,,,,,,,,,,,,
3120,003 MEAT DEPT,90% Ground Sirlion,LB,Per Lb,$5.99,,,,,,,,,,,,,,,,,,,,
3123,003 MEAT DEPT,Bone In Rib Roast,LB,Per Lb,$24.99,,,,,,,,,,,,,,,,,,,,
3124,003 MEAT DEPT,Sirloin Tri Tip Steaks,LB,Per Lb,$14.99,,,,,,,,,,,,,,,,,,,,
3127,003 MEAT DEPT,New York Strip Steak Bone-In,LB,Per Lb,$22.99,,,,,,,,,,,,,,,,,,,,
3128,003 MEAT DEPT,Prime Boneless Rib Eye Steak,LB,Per Lb,$34.99,,,,,,,,,,,,,,,,,,,,
3129,003 MEAT DEPT,Boneless NY Strip Steaks,LB,Per Lb,$22.99,,,,,,,,,,,,,,,,,,,,
3130,003 MEAT DEPT,90% Lean GROUND SIRLOIN,LB,Per Lb,$8.49,,,,,,,,,,,,,,,,,,,,
3131,003 MEAT DEPT,90% Lean Sirlion Patties,LB,Per Lb,$6.29,,,,,,,,,,,,,,,,,,,,
3132,003 MEAT DEPT,"PALMER'S BEST BURGER BLEND      Chuck, Brisket & Sirloin",LB,Per Lb,$9.49,,,,,,,,,,,,,,,,,,,,
3133,003 MEAT DEPT,BONELESS RIBEYE STEAK,LB,Per Lb,$24.99,,,,,,,,,,,,,,,,,,,,
3135,003 MEAT DEPT,Grass Fed Tenderloin Steak,LB,Per Lb,$33.99,,,,,,,,,,,,,,,,,,,,
3140,003 MEAT DEPT,Peter Luger Steak Sauce Burger,LB,Per Lb,$9.49,,,,,,,,,,,,,,,,,,,,
3142,003 MEAT DEPT,90% Lean Sirloin Sliders,LB,Per Lb,$6.49,,,,,,,,,,,,,,,,,,,,
3143,003 MEAT DEPT,Beef Shlder London Broil,LB,Per Lb,$5.99,,,,,,,,,,,,,,,,,,,,
3144,003 MEAT DEPT,85% Lean Sirloin Sliders,LB,Per Lb,$7.79,,,,,,,,,,,,,,,,,,,,
3146,003 MEAT DEPT,Beef Top Round Roast,LB,Per Lb,$7.99,,,,,,,,,,,,,,,,,,,,
3147,003 MEAT DEPT,Top Round London Broil,LB,Per Lb,$8.99,,,,,,,,,,,,,,,,,,,,
3151,003 MEAT DEPT,Beef Brasciole,LB,Per Lb,$12.99,,,,,,,,,,,,,,,,,,,,
3153,003 MEAT DEPT,Sandwich Steak,LB,Per Lb,$8.99,,,,,,,,,,,,,,,,,,,,
3154,003 MEAT DEPT,BIRCHSHIRE SWEET PORK SAUSAGE,LB,Per Lb,$10.99,,,,,,,,,,,,,,,,,,,,
3155,003 MEAT DEPT,Cajun Seasoned Bone In Thighs,LB,Per Lb,$1.99,,,,,,,,,,,,,,,,,,,,
3157,003 MEAT DEPT,Lemon Pepper Bone In Thighs,LB,Per Lb,$1.99,,,,,,,,,,,,,,,,,,,,
3159,003 MEAT DEPT,Lemon Pepper Boneless Breast,LB,Per Lb,$2.99,,,,,,,,,,,,,,,,,,,,
3167,003 MEAT DEPT,Top Round London Broil,LB,Per Lb,$9.99,,,,,,,,,,,,,,,,,,,,
3170,003 MEAT DEPT,Boneless Chicken Breast,LB,Per Lb,$6.99,,,,,,,,,,,,,,,,,,,,
3171,003 MEAT DEPT,Boneless Beef Short Ribs,LB,Per Lb,$16.99,,,,,,,,,,,,,,,,,,,,
3172,003 MEAT DEPT,SMART BNLS BRST CHKN,LB,Per Lb,$8.99,,,,,,,,,,,,,,,,,,,,
3175,003 MEAT DEPT,Filet Mignon Steaks,LB,Per Lb,$35.99,,,,,,,,,,,,,,,,,,,,
3177,003 MEAT DEPT,Certified Angus Beef Tenderloin Roast,LB,Per Lb,$35.99,,,,,,,,,,,,,,,,,,,,
3180,003 MEAT DEPT,Boneless Beef Chuck Roast,LB,Per Lb,$9.99,,,,,,,,,,,,,,,,,,,,
3186,003 MEAT DEPT,Filet Mignon  Prime,LB,Per Lb,$43.99,,,,,,,,,,,,,,,,,,,,
3188,003 MEAT DEPT,B&E ORG SPLIT BREAST,LB,Per Lb,$8.99,,,,,,,,,,,,,,,,,,,,
3189,003 MEAT DEPT,B&E Org Boneless Breast Cutlet,LB,Per Lb,$12.99,,,,,,,,,,,,,,,,,,,,
3190,003 MEAT DEPT,Pork Bratwurst,LB,Per Lb,$5.99,,,,,,,,,,,,,,,,,,,,
3194,003 MEAT DEPT,Cooked Breaded Chicken Cutlets,LB,Per Lb,$7.49,,,,,,,,,,,,,,,,,,,,
3195,003 MEAT DEPT,Beef Bottom Round Roast,LB,Per Lb,$7.99,,,,,,,,,,,,,,,,,,,,
3201,003 MEAT DEPT,Eye Round Roast,LB,Per Lb,$8.99,,,,,,,,,,,,,,,,,,,,
3205,003 MEAT DEPT,First Cut Beef Brisket,LB,Per Lb,$10.99,,,,,,,,,,,,,,,,,,,,
3213,003 MEAT DEPT,Beef Chuck Cubes For Stew,LB,Per Lb,$9.99,,,,,,,,,,,,,,,,,,,,
3214,003 MEAT DEPT,Lean Round Beef Stew Cubes,LB,Per Lb,$8.99,,,,,,,,,,,,,,,,,,,,
3217,003 MEAT DEPT,Bone-In Rib Steaks,LB,Per Lb,$24.99,,,,,,,,,,,,,,,,,,,,
3220,003 MEAT DEPT,Beef Back Ribs,LB,Per Lb,$1.99,,,,,,,,,,,,,,,,,,,,
3227,003 MEAT DEPT,Beef Marrow Bones,LB,Per Lb,$4.49,,,,,,,,,,,,,,,,,,,,
3237,003 MEAT DEPT,CORNBEEF,LB,Per Lb,$9.99,,,,,,,,,,,,,,,,,,,,
3241,003 MEAT DEPT,Flatiron Steak,LB,Per Lb,$13.99,,,,,,,,,,,,,,,,,,,,
3243,003 MEAT DEPT,Meatloaf Mix,LB,Per Lb,$7.99,,,,,,,,,,,,,,,,,,,,
3244,003 MEAT DEPT,Meatloaf Mix,LB,Per Lb,$4.69,,,,,,,,,,,,,,,,,,,,
3251,003 MEAT DEPT,Chicken Cutlets,LB,Per Lb,$7.99,,,,,,,,,,,,,,,,,,,,
3255,003 MEAT DEPT,D'Artagnan Lamb Tenderloins,LB,Per Lb,$41.99,,,,,,,,,,,,,,,,,,,,
3256,003 MEAT DEPT,D'Artagnan BNLS Lamb Loins,LB,Per Lb,$36.99,,,,,,,,,,,,,,,,,,,,
3262,003 MEAT DEPT,Nueske's Spiral Hams,LB,Per Lb,$11.99,,,,,,,,,,,,,,,,,,,,
3264,003 MEAT DEPT,Split Chicken Breast,LB,Per Lb,$3.99,,,,,,,,,,,,,,,,,,,,
3270,003 MEAT DEPT,BEEF STIR-FRY,LB,Per Lb,$8.99,,,,,,,,,,,,,,,,,,,,
3287,003 MEAT DEPT,Chicken Wings,LB,Per Lb,$5.49,,,,,,,,,,,,,,,,,,,,
3298,003 MEAT DEPT,Chicken Breast Kabobs,LB,Per Lb,$8.99,,,,,,,,,,,,,,,,,,,,
3299,003 MEAT DEPT,Sirloin Beef Kabobs,LB,Per Lb,$12.99,,,,,,,,,,,,,,,,,,,,
3301,003 MEAT DEPT,Veal Loin Chops,LB,Per Lb,$18.99,,,,,,,,,,,,,,,,,,,,
3309,003 MEAT DEPT,Thin Sliced Veal Cutlets,LB,Per Lb,$25.99,,,,,,,,,,,,,,,,,,,,
3317,003 MEAT DEPT,Pineland Bnls New York Strip Stk,LB,Per Lb,$26.99,,,,,,,,,,,,,,,,,,,,
3322,003 MEAT DEPT,Traditional Cooked Meatballs,LB,Per Lb,$6.99,,,,,,,,,,,,,,,,,,,,
3323,003 MEAT DEPT,Gluten Free Cooked Meatballs,LB,Per Lb,$6.99,,,,,,,,,,,,,,,,,,,,
3327,003 MEAT DEPT,Garlic And Herb Rub,LB,Per Lb,$4.49,,,,,,,,,,,,,,,,,,,,
3329,003 MEAT DEPT,Cajun Boneless Skinless Breast,LB,Per Lb,$2.99,,,,,,,,,,,,,,,,,,,,
3330,003 MEAT DEPT,Boneless Veal Stew,LB,Per Lb,$9.99,,,,,,,,,,,,,,,,,,,,
3333,003 MEAT DEPT,Ground Veal,LB,Per Lb,$8.99,,,,,,,,,,,,,,,,,,,,
3337,003 MEAT DEPT,Veal Shank,LB,Per Lb,$18.99,,,,,,,,,,,,,,,,,,,,
3347,003 MEAT DEPT,Pineland Farms Bnls Sirloin,LB,Per Lb,$14.99,,,,,,,,,,,,,,,,,,,,
3358,003 MEAT DEPT,WHOLE TURKEY,LB,Per Lb,$3.29,,,,,,,,,,,,,,,,,,,,
3376,003 MEAT DEPT,BELL & EVANS ORG BNLS BREAST,LB,Per Lb,$12.99,,,,,,,,,,,,,,,,,,,,
3385,003 MEAT DEPT,Bell and Evans Chicken Tenders,LB,Per Lb,$8.49,,,,,,,,,,,,,,,,,,,,
3387,003 MEAT DEPT,Bone-In Chicken Thighs,LB,Per Lb,$2.49,,,,,,,,,,,,,,,,,,,,
3388,003 MEAT DEPT,Chicken Drumsticks,LB,Per Lb,$1.99,,,,,,,,,,,,,,,,,,,,
3401,003 MEAT DEPT,Lamb Loin Chops,LB,Per Lb,$20.99,,,,,,,,,,,,,,,,,,,,
3403,003 MEAT DEPT,American Lamb Rib Chops,LB,Per Lb,$34.99,,,,,,,,,,,,,,,,,,,,
3405,003 MEAT DEPT,Amer.lamb Shoulder Blade Chops,LB,Per Lb,$7.99,,,,,,,,,,,,,,,,,,,,
3412,003 MEAT DEPT,"""""""D""""""""Artagan Boneless Leg O",LB,Per Lb,$15.99,,,,,,,,,,,,,,,,,,,,
3419,003 MEAT DEPT,American Boneless Lamb Leg,LB,Per Lb,$13.99,,,,,,,,,,,,,,,,,,,,
3423,003 MEAT DEPT,Pineland Farms Lean Beef Stew Meat,LB,Per Lb,$9.99,,,,,,,,,,,,,,,,,,,,
3424,003 MEAT DEPT,Chuck Stew Beef Cubes,LB,Per Lb,$9.99,,,,,,,,,,,,,,,,,,,,
3427,003 MEAT DEPT,D'Artagan Bone In Leg Of Lamb,LB,Per Lb,$14.99,,,,,,,,,,,,,,,,,,,,
3429,003 MEAT DEPT,Fresh Lamb Shank,LB,Per Lb,$8.49,,,,,,,,,,,,,,,,,,,,
3432,003 MEAT DEPT,Top Blade Steak,LB,Per Lb,$5.99,,,,,,,,,,,,,,,,,,,,
3433,003 MEAT DEPT,Lamb Neck Stew,LB,Per Lb,$2.99,,,,,,,,,,,,,,,,,,,,
3435,003 MEAT DEPT,Top Blade Flatiron Steak,LB,Per Lb,$12.99,,,,,,,,,,,,,,,,,,,,
3438,003 MEAT DEPT,Ground Lamb,LB,Per Lb,$13.99,,,,,,,,,,,,,,,,,,,,
3450,003 MEAT DEPT,Pineland Farms  Bnls Ribeye,LB,Per Lb,$29.99,,,,,,,,,,,,,,,,,,,,
3456,003 MEAT DEPT,Sausage Patties Sweet,LB,Per Lb,$4.99,,,,,,,,,,,,,,,,,,,,
3458,003 MEAT DEPT,Sweet Chicken Sausage,LB,Per Lb,$6.29,,,,,,,,,,,,,,,,,,,,
3459,003 MEAT DEPT,DEYULIO'S SWEET SAUSAGE,LB,Per Lb,$5.99,,,,,,,,,,,,,,,,,,,,
3460,003 MEAT DEPT,Leg Lamb Semi-Bon,LB,Per Lb,$11.99,,,,,,,,,,,,,,,,,,,,
3461,003 MEAT DEPT,Deyulio's Hot Italian Sausage,LB,Per Lb,$5.99,,,,,,,,,,,,,,,,,,,,
3464,003 MEAT DEPT,Provolone & Parsley Sausage,LB,Per Lb,$6.29,,,,,,,,,,,,,,,,,,,,
3465,003 MEAT DEPT,Chicken Sausage,LB,Per Lb,$5.99,,,,,,,,,,,,,,,,,,,,
3467,003 MEAT DEPT,Polish Sausage,LB,Per Lb,$5.99,,,,,,,,,,,,,,,,,,,,
3468,003 MEAT DEPT,Pork Breakfast Sausage Links,LB,Per Lb,$5.99,,,,,,,,,,,,,,,,,,,,
3482,003 MEAT DEPT,Boneless Chicken Thighs,LB,Per Lb,$4.49,,,,,,,,,,,,,,,,,,,,
3484,003 MEAT DEPT,SKIN-ON BONELESS CHICKEN BREAST,LB,Per Lb,$7.99,,,,,,,,,,,,,,,,,,,,
3490,003 MEAT DEPT,Fresh Capons,LB,Per Lb,$11.99,,,,,,,,,,,,,,,,,,,,
3495,003 MEAT DEPT,Pineland Farms Flank Steak,LB,Per Lb,$16.99,,,,,,,,,,,,,,,,,,,,
3505,003 MEAT DEPT,Berkshire Bone-In Pork Chops,LB,Per Lb,$14.99,,,,,,,,,,,,,,,,,,,,
3508,003 MEAT DEPT,Pork Scallopini,LB,Per Lb,$6.99,,,,,,,,,,,,,,,,,,,,
3513,003 MEAT DEPT,Chairman's Reserve Boneless Pork Roast,LB,Per Lb,$5.99,,,,,,,,,,,,,,,,,,,,
3515,003 MEAT DEPT,Bone-In Pork Chops,LB,Per Lb,$5.99,,,,,,,,,,,,,,,,,,,,
3518,003 MEAT DEPT,Chairman's Reserve Boneless Pork Chops,LB,Per Lb,$5.99,,,,,,,,,,,,,,,,,,,,
3520,003 MEAT DEPT,Chairman's Reserve Baby Back Ribs,LB,Per Lb,$5.99,,,,,,,,,,,,,,,,,,,,
3528,003 MEAT DEPT,Grass Fed Lamb Rib Chops,LB,Per Lb,$34.99,,,,,,,,,,,,,,,,,,,,
3533,003 MEAT DEPT,Fresh Ham Shank,LB,Per Lb,$2.99,,,,,,,,,,,,,,,,,,,,
3541,003 MEAT DEPT,Boneless Pork Butt Shoulder,LB,Per Lb,$5.99,,,,,,,,,,,,,,,,,,,,
3542,003 MEAT DEPT,Chairman's Reserve Fresh Pork Shoulder Butt,LB,Per Lb,$5.99,,,,,,,,,,,,,,,,,,,,
3543,003 MEAT DEPT,Bone-in Pork Butt Shoulder,LB,Per Lb,$5.99,,,,,,,,,,,,,,,,,,,,
3559,003 MEAT DEPT,Country Style Pork Ribs,LB,Per Lb,$2.99,,,,,,,,,,,,,,,,,,,,
3563,003 MEAT DEPT,Heritage Berkshire Pork Tenderloin,LB,Per Lb,$14.99,,,,,,,,,,,,,,,,,,,,
3577,003 MEAT DEPT,Pork Tenderloin Filet,LB,Per Lb,$5.99,,,,,,,,,,,,,,,,,,,,
3579,003 MEAT DEPT,Fresh Ground Pork,LB,Per Lb,$3.99,,,,,,,,,,,,,,,,,,,,
3581,003 MEAT DEPT,Chairman's Reserve Bnls Thin Pork Chops,LB,Per Lb,$5.99,,,,,,,,,,,,,,,,,,,,
3583,003 MEAT DEPT,Cook's Honey Spiral Ham,LB,Per Lb,$4.99,,,,,,,,,,,,,,,,,,,,
3584,003 MEAT DEPT,D'artagnan Smoked  Boneless Ham,LB,Per Lb,$10.99,,,,,,,,,,,,,,,,,,,,
3585,003 MEAT DEPT,COOK'S SPIRAL CUT HAM,LB,Per Lb,$3.49,,,,,,,,,,,,,,,,,,,,
3586,003 MEAT DEPT,D'Artagnan Boneless Berkshire Ham,LB,Per Lb,$10.99,,,,,,,,,,,,,,,,,,,,
3596,003 MEAT DEPT,D'artagnan Duck Leg Confit,LB,Per Lb,$18.99,,,,,,,,,,,,,,,,,,,,
3598,003 MEAT DEPT,Fresh Jaindl Turkeys,LB,Per Lb,$5.49,,,,,,,,,,,,,,,,,,,,
3600,003 MEAT DEPT,Fresh Turkey Thighs,LB,Per Lb,$1.99,,,,,,,,,,,,,,,,,,,,
3601,003 MEAT DEPT,Brined Whole Turkey,LB,Per Lb,$7.99,,,,,,,,,,,,,,,,,,,,
3602,003 MEAT DEPT,Fresh Turkey Wings,LB,Per Lb,$1.99,,,,,,,,,,,,,,,,,,,,
3604,003 MEAT DEPT,Fresh Turkey Drumsticks,LB,Per Lb,$1.99,,,,,,,,,,,,,,,,,,,,
3606,003 MEAT DEPT,Fresh Turkey Necks And Backs,LB,Per Lb,$0.99,,,,,,,,,,,,,,,,,,,,
3610,003 MEAT DEPT,Org Bell& Evan's Boneless Thighs,LB,Per Lb,$8.49,,,,,,,,,,,,,,,,,,,,
3611,003 MEAT DEPT,Org Bell & Evan's Breast Tenders,LB,Per Lb,$12.99,,,,,,,,,,,,,,,,,,,,
3612,003 MEAT DEPT,Org Bell & Evan's Split Breasts,LB,Per Lb,$9.29,,,,,,,,,,,,,,,,,,,,
3613,003 MEAT DEPT,Org Bell & Evan's Bone In Thighs,LB,Per Lb,$6.49,,,,,,,,,,,,,,,,,,,,
3620,003 MEAT DEPT,DIESTEL BONELESS BREAST,LB,Per Lb,$12.99,,,,,,,,,,,,,,,,,,,,
3621,003 MEAT DEPT,Smoked Pork Hocks,LB,Per Lb,$2.79,,,,,,,,,,,,,,,,,,,,
3633,003 MEAT DEPT,Hatfield Fresh Pork Spare Ribs,LB,Per Lb,$5.99,,,,,,,,,,,,,,,,,,,,
3650,003 MEAT DEPT,Cajun Turkey Patties,LB,Per Lb,$5.99,,,,,,,,,,,,,,,,,,,,
3651,003 MEAT DEPT,PEPPER AND ONION CHICKEN Patties,LB,Per Lb,$6.99,,,,,,,,,,,,,,,,,,,,
3652,003 MEAT DEPT,SPINACH FETA TURKEY BURGER,LB,Per Lb,$5.99,,,,,,,,,,,,,,,,,,,,
3667,003 MEAT DEPT,Shady Brook Fresh Turkeys,LB,Per Lb,$6.99,,,,,,,,,,,,,,,,,,,,
3686,003 MEAT DEPT,Bell & Evans Cornish Hens,LB,Per Lb,$5.99,,,,,,,,,,,,,,,,,,,,
3688,003 MEAT DEPT,D'artagnan Farm Raised Rabbit,LB,Per Lb,$12.99,,,,,,,,,,,,,,,,,,,,
3691,003 MEAT DEPT,ALL NATURAL TURKEY,LB,Per Lb,$3.49,,,,,,,,,,,,,,,,,,,,
3692,003 MEAT DEPT,Boneless Turkey Breast,LB,Per Lb,$7.99,,,,,,,,,,,,,,,,,,,,
3694,003 MEAT DEPT,Turkey Breast w/ Bone,LB,Per Lb,$6.99,,,,,,,,,,,,,,,,,,,,
3695,003 MEAT DEPT,Dartagnan Organic Turkey Breast,LB,Per Lb,$14.99,,,,,,,,,,,,,,,,,,,,
3696,003 MEAT DEPT,Boneless Skinless Turkey Thigh,LB,Per Lb,$3.69,,,,,,,,,,,,,,,,,,,,
3697,003 MEAT DEPT,Green Circle Fresh Whole Turkey,LB,Per Lb,$7.99,,,,,,,,,,,,,,,,,,,,
3700,003 MEAT DEPT,Dart Boneless Duck Breast,LB,Per Lb,$16.99,,,,,,,,,,,,,,,,,,,,
3704,003 MEAT DEPT,B&E SPLIT CHICKEN BREASTS,LB,Per Lb,$6.49,,,,,,,,,,,,,,,,,,,,
3706,003 MEAT DEPT,Bell & Evans Whole Chicken Breasts,LB,Per Lb,$6.99,,,,,,,,,,,,,,,,,,,,
3708,003 MEAT DEPT,Boneless Chicken Breast,LB,Per Lb,$8.99,,,,,,,,,,,,,,,,,,,,
3709,003 MEAT DEPT,Diestel Turkey Breast W/ Bone,LB,Per Lb,$9.99,,,,,,,,,,,,,,,,,,,,
3711,003 MEAT DEPT,Willie Bird Turkey Of Sonoma,LB,Per Lb,$5.99,,,,,,,,,,,,,,,,,,,,
3712,003 MEAT DEPT,Bell & Evans Whole Chicken Legs,LB,Per Lb,$4.29,,,,,,,,,,,,,,,,,,,,
3714,003 MEAT DEPT,Bell & Evans Chicken Thighs,LB,Per Lb,$4.49,,,,,,,,,,,,,,,,,,,,
3716,003 MEAT DEPT,Bell & Evans Chicken Drumsticks,LB,Per Lb,$3.99,,,,,,,,,,,,,,,,,,,,
3732,003 MEAT DEPT,Bell & Evans Whole Chicken,LB,Per Lb,$4.49,,,,,,,,,,,,,,,,,,,,
3734,003 MEAT DEPT,Cut-Up Whole Chicken,LB,Per Lb,$3.79,,,,,,,,,,,,,,,,,,,,
3742,003 MEAT DEPT,Boneless Chicken Thighs,LB,Per Lb,$6.49,,,,,,,,,,,,,,,,,,,,
3744,003 MEAT DEPT,Organic Bnls Chicken Breasts,LB,Per Lb,$14.99,,,,,,,,,,,,,,,,,,,,
3746,003 MEAT DEPT,D'Artagnan Organic Whole Chicken,LB,Per Lb,$7.99,,,,,,,,,,,,,,,,,,,,
3747,003 MEAT DEPT,D'Artagnan Green Circle Whole Chicken,LB,Per Lb,$5.99,,,,,,,,,,,,,,,,,,,,
3748,003 MEAT DEPT,Bell & Evans Chicken Wings,LB,Per Lb,$5.99,,,,,,,,,,,,,,,,,,,,
3750,003 MEAT DEPT,Organic Chicken Thighs,LB,Per Lb,$8.99,,,,,,,,,,,,,,,,,,,,
3751,003 MEAT DEPT,D'artagnan Green Circle Half Chicken,LB,Per Lb,$4.99,,,,,,,,,,,,,,,,,,,,
3754,003 MEAT DEPT,Organic Split Chicken Breasts,LB,Per Lb,$12.99,,,,,,,,,,,,,,,,,,,,
3760,003 MEAT DEPT,Organic Chicken Drumsticks,LB,Per Lb,$6.99,,,,,,,,,,,,,,,,,,,,
3763,003 MEAT DEPT,BELL&EVANS ORG. WHOLE BIRD,LB,Per Lb,$5.99,,,,,,,,,,,,,,,,,,,,
3804,003 MEAT DEPT,Prime Boneless NY Strip Steak,LB,Per Lb,$33.99,,,,,,,,,,,,,,,,,,,,
3806,003 MEAT DEPT,Dry Aged Bone In NY Strip,LB,Per Lb,$38.99,,,,,,,,,,,,,,,,,,,,
3807,003 MEAT DEPT,Prime Dry Aged Bone-in RIb Steak,LB,Per Lb,$38.99,,,,,,,,,,,,,,,,,,,,
3823,003 MEAT DEPT,Skin On Boneless Chicken Breast,LB,Per Lb,$7.99,,,,,,,,,,,,,,,,,,,,
3827,003 MEAT DEPT,Prime Porterhouse Steak,LB,Per Lb,$23.99,,,,,,,,,,,,,,,,,,,,
3855,010 SEAFOOD,Old Bay Shrimp Salad,LB,Per Lb,$12.99,,,,,,,,,,,,,,,,,,,,
3900,003 MEAT DEPT,Dartagnan Fresh Rohan Duckling,LB,Per Lb,$9.99,,,,,,,,,,,,,,,,,,,,
3901,003 MEAT DEPT,Bacon Cheddar Burgers,LB,Per Lb,$9.49,,,,,,,,,,,,,,,,,,,,
3954,003 MEAT DEPT,Hickory Spiral Cut Ham,LB,Per Lb,$4.49,,,,,,,,,,,,,,,,,,,,
3995,003 MEAT DEPT,Garlic & Herb Chicken Breast,LB,Per Lb,$6.99,,,,,,,,,,,,,,,,,,,,
3999,003 MEAT DEPT,Diestel Whole Turkey Non GMO,LB,Per Lb,$6.99,,,,,,,,,,,,,,,,,,,,
4000,003 MEAT DEPT,Bell & Evans Bnless Chkn Single,LB,Per Lb,$8.99,,,,,,,,,,,,,,,,,,,,
8878,003 MEAT DEPT,Royle School Turkey,LB,Per Lb,$25.00,,,,,,,,,,,,,,,,,,,,
10000,010 SEAFOOD,,LB,Per Lb,$8.99,,,,,,,,,,,,,,,,,,,,
10111,010 SEAFOOD,Norwegian Organic Salmon,LB,Per Lb,$22.99,,,,,,,,,,,,,,,,,,,,
10112,010 SEAFOOD,Wild Caught Halibut,LB,Per Lb,$22.99,,,,,,,,,,,,,,,,,,,,
10113,010 SEAFOOD,Farm Raised Tilapia,LB,Per Lb,$12.99,,,,,,,,,,,,,,,,,,,,
10115,010 SEAFOOD,Wild Caught Grey Sole,LB,Per Lb,$21.99,,,,,,,,,,,,,,,,,,,,
10116,010 SEAFOOD,WILD KING SALMON,LB,Per Lb,$34.99,,,,,,,,,,,,,,,,,,,,
10118,010 SEAFOOD,STEELHEAD TROUT,LB,Per Lb,$17.99,,,,,,,,,,,,,,,,,,,,
10133,010 SEAFOOD,Farm Raised Artic Char,LB,Per Lb,$24.99,,,,,,,,,,,,,,,,,,,,
10135,010 SEAFOOD,Kauai Shrimp Head On,LB,Per Lb,$22.99,,,,,,,,,,,,,,,,,,,,
10143,010 SEAFOOD,Wild Caught Cod,LB,Per Lb,$24.99,,,,,,,,,,,,,,,,,,,,
10150,010 SEAFOOD,Fresh Branzino,LB,Per Lb,$20.99,,,,,,,,,,,,,,,,,,,,
10151,010 SEAFOOD,Wild Caught Swordfish Steak,LB,Per Lb,$25.99,,,,,,,,,,,,,,,,,,,,
10154,010 SEAFOOD,Osetra Sturgeon Cavair 50 GM,LB,Per Lb,$99.99,,,,,,,,,,,,,,,,,,,,
10155,010 SEAFOOD,Wild Caught Tuna Steak,LB,Per Lb,$18.99,,,,,,,,,,,,,,,,,,,,
10159,010 SEAFOOD,Farmed Raised Faroe Isld Salmon,LB,Per Lb,$13.49,,,,,,,,,,,,,,,,,,,,
10176,010 SEAFOOD,Fresh P.E.I.Mussels,LB,Per Lb,$4.99,,,,,,,,,,,,,,,,,,,,
10180,010 SEAFOOD,Wild Caught Sea Scallops,LB,Per Lb,$34.99,,,,,,,,,,,,,,,,,,,,
10182,010 SEAFOOD,Jumbo Raw Shrimp 13-15 Count,LB,Per Lb,$22.99,,,,,,,,,,,,,,,,,,,,
10184,010 SEAFOOD,Little Neck Clams Wild,LB,Per Lb,$1.99,,,,,,,,,,,,,,,,,,,,
10191,010 SEAFOOD,Wild Alaskan Sockeye Salmon,LB,Per Lb,$19.99,,,,,,,,,,,,,,,,,,,,
10194,010 SEAFOOD,Cooper River Sockeye Salmon,LB,Per Lb,$25.99,,,,,,,,,,,,,,,,,,,,
10196,010 SEAFOOD,Fresh Seafood Salad,LB,Per Lb,$7.99,,,,,,,,,,,,,,,,,,,,
10199,010 SEAFOOD,Farm Raised Blue Point Oysters,LB,Per Lb,$1.49,,,,,,,,,,,,,,,,,,,,
10202,010 SEAFOOD,Store Cooked Jumbo Shrimp,LB,Per Lb,$22.99,,,,,,,,,,,,,,,,,,,,
10225,010 SEAFOOD,Cocktail Sauce,LB,Per Lb,$7.99,,,,,,,,,,,,,,,,,,,,
10275,010 SEAFOOD,NORWEIGAN  SALMON SKINLESS,LB,Per Lb,$21.99,,,,,,,,,,,,,,,,,,,,
10297,010 SEAFOOD,Salmon Kabobs,LB,Per Lb,$21.99,,,,,,,,,,,,,,,,,,,,
10822,010 SEAFOOD,Gourmet,LB,Per Lb,$6.99,,,,,,,,,,,,,,,,,,,,
10833,010 SEAFOOD,Jumbo Lump Crab Cakes,LB,Per Lb,$8.99,,,,,,,,,,,,,,,,,,,,
10842,010 SEAFOOD,Sea Bass Fillet,LB,Per Lb,$22.99,,,,,,,,,,,,,,,,,,,,
10998,010 SEAFOOD,WILD COD FLUKE,LB,Per Lb,$16.99,,,,,,,,,,,,,,,,,,,,
16005,016 PREPARED FOODS,Herb Roasted Carrots,LB,Per LB,$7.99,,,,,,,,,,,,,,,,,,,,
16007,016 PREPARED FOODS,Balsamic Roasted Brussel Sprouts,LB,Per LB,$7.99,,,,,,,,,,,,,,,,,,,,
16018,016 PREPARED FOODS,Cobb Salad,LB,Per LB,$75.00,,,,,,,,,,,,,,,,,,,,
16019,016 PREPARED FOODS,Classic Bolognese,LB,Per LB,$10.99,,,,,,,,,,,,,,,,,,,,
16023,016 PREPARED FOODS,Grilled Vegetable Medley,LB,Per LB,$8.99,,,,,,,,,,,,,,,,,,,,
16025,016 PREPARED FOODS,Roasted Vegetable Medley,LB,Per LB,$8.99,,,,,,,,,,,,,,,,,,,,
16036,016 PREPARED FOODS,Classic Margarita Mix,LB,Per LB,$12.99,,,,,,,,,,,,,,,,,,,,
16044,016 PREPARED FOODS,Ham & Gruyere Sandwich,LB,Per LB,$10.99,,,,,,,,,,,,,,,,,,,,
16048,016 PREPARED FOODS,Truffle Filet Mignon Sandwich,LB,Per LB,$13.99,,,,,,,,,,,,,,,,,,,,
16067,016 PREPARED FOODS,Mediterranean Salmon Burger,LB,Per LB,$28.99,,,,,,,,,,,,,,,,,,,,
16076,016 PREPARED FOODS,Roasted Carrot Hummus,LB,Per LB,$8.99,,,,,,,,,,,,,,,,,,,,
16077,016 PREPARED FOODS,Roasted Beet Hummus,LB,Per LB,$8.99,,,,,,,,,,,,,,,,,,,,
16078,016 PREPARED FOODS,Aji Verde,LB,Per LB,$10.99,,,,,,,,,,,,,,,,,,,,
16079,016 PREPARED FOODS,MCCALLS IRISH CHEDDAR,LB,Per LB,$22.99,,,,,,,,,,,,,,,,,,,,
16090,016 PREPARED FOODS,"Zucchini, Bacon, Gruyere Quiche",LB,Per LB,$36.00,,,,,,,,,,,,,,,,,,,,
16094,016 PREPARED FOODS,Mexican Street Corn Dip,LB,Per LB,$18.00,,,,,,,,,,,,,,,,,,,,
16099,016 PREPARED FOODS,Caramelized Onions,LB,Per LB,$9.99,,,,,,,,,,,,,,,,,,,,
16123,016 PREPARED FOODS,Penne Alla Vodka,LB,Per LB,$8.99,,,,,,,,,,,,,,,,,,,,
16146,016 PREPARED FOODS,Summer Couscous & Quinoa Salad,LB,Per LB,$12.99,,,,,,,,,,,,,,,,,,,,
16222,016 PREPARED FOODS,Grilled Bruschetta Chicken,LB,Per LB,$14.99,,,,,,,,,,,,,,,,,,,,
16284,016 PREPARED FOODS,Greek Chicken Salad,LB,Per LB,$12.99,,,,,,,,,,,,,,,,,,,,
16298,016 PREPARED FOODS,Chicken Wings,LB,Per LB,$12.99,,,,,,,,,,,,,,,,,,,,
16300,016 PREPARED FOODS,Egg Salad Sandwich,LB,Per LB,$8.99,,,,,,,,,,,,,,,,,,,,
16302,016 PREPARED FOODS,Grilled Salmon,LB,Per LB,$14.99,,,,,,,,,,,,,,,,,,,,
16306,016 PREPARED FOODS,Chicken Caesar Wrap,LB,Per LB,$10.99,,,,,,,,,,,,,,,,,,,,
16307,016 PREPARED FOODS,Classic Turkey Sandwich,LB,Per LB,$8.99,,,,,,,,,,,,,,,,,,,,
16308,016 PREPARED FOODS,Turkey & Arugula Sandwich,LB,Per LB,$18.99,,,,,,,,,,,,,,,,,,,,
16309,016 PREPARED FOODS,Chicken and Biscuits,LB,Per LB,$9.99,,,,,,,,,,,,,,,,,,,,
16310,016 PREPARED FOODS,Meatloaf,LB,Per LB,$9.99,,,,,,,,,,,,,,,,,,,,
16311,016 PREPARED FOODS,Vodka Sauce,LB,Per LB,$6.99,,,,,,,,,,,,,,,,,,,,
16312,016 PREPARED FOODS,Classic Shepard`s Pie,LB,Per LB,$9.99,,,,,,,,,,,,,,,,,,,,
16313,016 PREPARED FOODS,Lime Cilantro Vinaigrette,LB,Per LB,$8.99,,,,,,,,,,,,,,,,,,,,
16314,016 PREPARED FOODS,Herby Egg Salad Sandwich,LB,Per LB,$8.99,,,,,,,,,,,,,,,,,,,,
16316,016 PREPARED FOODS,Stuffed Cabbage Leaves,LB,Per LB,$7.99,,,,,,,,,,,,,,,,,,,,
16317,016 PREPARED FOODS,Turkey Shephard's Pie,LB,Per LB,$11.99,,,,,,,,,,,,,,,,,,,,
16318,016 PREPARED FOODS,Mashed Potatoes,LB,Per LB,$8.99,,,,,,,,,,,,,,,,,,,,
16319,016 PREPARED FOODS,Enchiladas Verdes,LB,Per LB,$12.99,,,,,,,,,,,,,,,,,,,,
16322,016 PREPARED FOODS,Curried Chicken Salad Croissant,LB,Per LB,$10.99,,,,,,,,,,,,,,,,,,,,
16323,016 PREPARED FOODS,Grilled Vegetable Couscous,LB,Per LB,$10.99,,,,,,,,,,,,,,,,,,,,
16324,016 PREPARED FOODS,Chicken Scarpiello,LB,Per LB,$14.99,,,,,,,,,,,,,,,,,,,,
16325,016 PREPARED FOODS,Pasta & Fagioli Soup,LB,Per LB,$6.99,,,,,,,,,,,,,,,,,,,,
16326,016 PREPARED FOODS,Lemon Vinaigrette,LB,Per LB,$8.99,,,,,,,,,,,,,,,,,,,,
16327,016 PREPARED FOODS,Greek Salad,LB,Per LB,$13.99,,,,,,,,,,,,,,,,,,,,
16328,016 PREPARED FOODS,Arugula & Gorgonzola Salad,LB,Per LB,$14.99,,,,,,,,,,,,,,,,,,,,
16331,016 PREPARED FOODS,Sauce Verte,LB,Per LB,$10.99,,,,,,,,,,,,,,,,,,,,
16332,016 PREPARED FOODS,Chicken Enchiladas,LB,Per LB,$12.99,,,,,,,,,,,,,,,,,,,,
16333,016 PREPARED FOODS,Spicy Crab Dip,LB,Per LB,$18.99,,,,,,,,,,,,,,,,,,,,
16334,016 PREPARED FOODS,Chicken Tenders,LB,Per LB,$10.99,,,,,,,,,,,,,,,,,,,,
16336,016 PREPARED FOODS,Loaded Potato Soup,LB,Per LB,$6.99,,,,,,,,,,,,,,,,,,,,
16337,016 PREPARED FOODS,Yakiniku Sauce,LB,Per LB,$12.99,,,,,,,,,,,,,,,,,,,,
16339,016 PREPARED FOODS,Corn Souffle,LB,Per LB,$10.99,,,,,,,,,,,,,,,,,,,,
16340,016 PREPARED FOODS,Buffalo Wing Platter,LB,Per LB,$24.99,,,,,,,,,,,,,,,,,,,,
16342,016 PREPARED FOODS,Beef Barley Soup,LB,Per LB,$6.99,,,,,,,,,,,,,,,,,,,,
16343,016 PREPARED FOODS,Cindy`s Meatballs & Pasta,LB,Per LB,$9.99,,,,,,,,,,,,,,,,,,,,
16344,016 PREPARED FOODS,Cheese Lasagna,LB,Per LB,$9.99,,,,,,,,,,,,,,,,,,,,
16345,016 PREPARED FOODS,Brussel Sprout Hash,LB,Per LB,$12.99,,,,,,,,,,,,,,,,,,,,
16346,016 PREPARED FOODS,Chicken Empanadas,LB,Per LB,$40.00,,,,,,,,,,,,,,,,,,,,
16347,016 PREPARED FOODS,Mozzarella Sticks,LB,Per LB,$11.99,,,,,,,,,,,,,,,,,,,,
16348,016 PREPARED FOODS,Chicken Piggies,LB,Per LB,$26.00,,,,,,,,,,,,,,,,,,,,
16350,016 PREPARED FOODS,Quince & Manchego Bites,LB,Per LB,$24.00,,,,,,,,,,,,,,,,,,,,
16351,016 PREPARED FOODS,Palmer`s Piggies,LB,Per LB,$26.00,,,,,,,,,,,,,,,,,,,,
16352,016 PREPARED FOODS,Spicy Chickpea & Lemon Soup,LB,Per LB,$6.99,,,,,,,,,,,,,,,,,,,,
16354,016 PREPARED FOODS,Split Pea Soup,LB,Per LB,$6.99,,,,,,,,,,,,,,,,,,,,
16356,016 PREPARED FOODS,Truffle Parmesan Dip,LB,Per LB,$10.99,,,,,,,,,,,,,,,,,,,,
16360,016 PREPARED FOODS,Grilled Vegetables,LB,Per LB,$12.99,,,,,,,,,,,,,,,,,,,,
16361,016 PREPARED FOODS,Grilled Asparagus,LB,Per LB,$12.99,,,,,,,,,,,,,,,,,,,,
16362,016 PREPARED FOODS,Corn Fritters,LB,Per LB,$10.99,,,,,,,,,,,,,,,,,,,,
16363,016 PREPARED FOODS,Parmesan Cauliflower,LB,Per LB,$10.99,,,,,,,,,,,,,,,,,,,,
16364,016 PREPARED FOODS,Yukon Gold Mashed Potatoes,LB,Per LB,$8.99,,,,,,,,,,,,,,,,,,,,
16366,016 PREPARED FOODS,Stuffed Portobello Mushrooms,LB,Per LB,$12.99,,,,,,,,,,,,,,,,,,,,
16367,016 PREPARED FOODS,Provencal Tomatoes,LB,Per LB,$12.99,,,,,,,,,,,,,,,,,,,,
16370,016 PREPARED FOODS,Roasted Potatoes,LB,Per LB,$8.99,,,,,,,,,,,,,,,,,,,,
16371,016 PREPARED FOODS,Classic Chicken Salad,LB,Per LB,$12.99,,,,,,,,,,,,,,,,,,,,
16372,016 PREPARED FOODS,Curried Chicken Salad,LB,Per LB,$13.49,,,,,,,,,,,,,,,,,,,,
16373,016 PREPARED FOODS,Apricot Chicken Salad,LB,Per LB,$13.49,,,,,,,,,,,,,,,,,,,,
16374,016 PREPARED FOODS,Fruity Nutty Chicken Salad,LB,Per LB,$13.49,,,,,,,,,,,,,,,,,,,,
16376,016 PREPARED FOODS,Tuscan Tuna Salad,LB,Per LB,$13.99,,,,,,,,,,,,,,,,,,,,
16377,016 PREPARED FOODS,Classic Tuna Salad,LB,Per LB,$12.49,,,,,,,,,,,,,,,,,,,,
16379,016 PREPARED FOODS,Herb Potato Chips,LB,Per LB,$7.99,,,,,,,,,,,,,,,,,,,,
16380,016 PREPARED FOODS,Dill Potato Salad,LB,Per LB,$8.99,,,,,,,,,,,,,,,,,,,,
16381,016 PREPARED FOODS,Truffle Marinated Potato Salad,LB,Per LB,$12.99,,,,,,,,,,,,,,,,,,,,
16382,016 PREPARED FOODS,Everything Potato Salad,LB,Per LB,$10.99,,,,,,,,,,,,,,,,,,,,
16384,016 PREPARED FOODS,New England Coleslaw,LB,Per LB,$7.99,,,,,,,,,,,,,,,,,,,,
16386,016 PREPARED FOODS,Arugula Coleslaw,LB,Per LB,$11.99,,,,,,,,,,,,,,,,,,,,
16387,016 PREPARED FOODS,Mediterranean Salad,LB,Per LB,$11.99,,,,,,,,,,,,,,,,,,,,
16388,016 PREPARED FOODS,Balsamic Beet Salad,LB,Per LB,$9.99,,,,,,,,,,,,,,,,,,,,
16389,016 PREPARED FOODS,Eggplant Rollatini,LB,Per LB,$10.99,,,,,,,,,,,,,,,,,,,,
16390,016 PREPARED FOODS,Creamed Spinach,LB,Per LB,$10.99,,,,,,,,,,,,,,,,,,,,
16391,016 PREPARED FOODS,Carrot Souffle,LB,Per LB,$10.99,,,,,,,,,,,,,,,,,,,,
16392,016 PREPARED FOODS,Cucumber Salad,LB,Per LB,$10.99,,,,,,,,,,,,,,,,,,,,
16394,016 PREPARED FOODS,Classic Kale Salad,LB,Per LB,$12.99,,,,,,,,,,,,,,,,,,,,
16395,016 PREPARED FOODS,Macaroni & Cheese,LB,Per LB,$9.99,,,,,,,,,,,,,,,,,,,,
16396,016 PREPARED FOODS,Perlini Mozzarella Salad,LB,Per LB,$12.99,,,,,,,,,,,,,,,,,,,,
16397,016 PREPARED FOODS,Caprese Salad,LB,Per LB,$13.99,,,,,,,,,,,,,,,,,,,,
16398,016 PREPARED FOODS,Grilled Artichoke Salad,LB,Per LB,$11.99,,,,,,,,,,,,,,,,,,,,
16399,016 PREPARED FOODS,Corn & Black Bean Salad,LB,Per LB,$9.99,,,,,,,,,,,,,,,,,,,,
16400,016 PREPARED FOODS,Shaved Brussel Sprout Caesar,LB,Per LB,$11.99,,,,,,,,,,,,,,,,,,,,
16401,016 PREPARED FOODS,Corn & Manchego Salad,LB,Per LB,$13.99,,,,,,,,,,,,,,,,,,,,
16402,016 PREPARED FOODS,Penne alla Vodka,LB,Per LB,$8.99,,,,,,,,,,,,,,,,,,,,
16403,016 PREPARED FOODS,Italian Wedding Soup,LB,Per LB,$6.99,,,,,,,,,,,,,,,,,,,,
16404,016 PREPARED FOODS,Fruit Salad,LB,Per LB,$10.99,,,,,,,,,,,,,,,,,,,,
16405,016 PREPARED FOODS,Roasted Vegetable Quiche,LB,Per LB,$26.99,,,,,,,,,,,,,,,,,,,,
16406,016 PREPARED FOODS,Chicken Potstickers,LB,Per LB,$17.99,,,,,,,,,,,,,,,,,,,,
16407,016 PREPARED FOODS,BLT Pasta Salad,LB,Per LB,$11.49,,,,,,,,,,,,,,,,,,,,
16408,016 PREPARED FOODS,Pesto Tortellini,LB,Per LB,$12.99,,,,,,,,,,,,,,,,,,,,
16409,016 PREPARED FOODS,Thai Pasta Salad,LB,Per LB,$12.99,,,,,,,,,,,,,,,,,,,,
16410,016 PREPARED FOODS,Sicilian Orzo,LB,Per LB,$11.49,,,,,,,,,,,,,,,,,,,,
16411,016 PREPARED FOODS,Pesto Pasta & Pea Salad,LB,Per LB,$11.99,,,,,,,,,,,,,,,,,,,,
16412,016 PREPARED FOODS,White Chicken Chili,LB,Per LB,$6.99,,,,,,,,,,,,,,,,,,,,
16413,016 PREPARED FOODS,Greek Couscous,LB,Per LB,$11.49,,,,,,,,,,,,,,,,,,,,
16414,016 PREPARED FOODS,Ham & Cheddar Quiche,LB,Per LB,$11.99,,,,,,,,,,,,,,,,,,,,
16415,016 PREPARED FOODS,Turkey BLT Wrap,LB,Per LB,$10.99,,,,,,,,,,,,,,,,,,,,
16416,016 PREPARED FOODS,Italian Combo Wrap,LB,Per LB,$10.99,,,,,,,,,,,,,,,,,,,,
16417,016 PREPARED FOODS,Southwest Quinoa Salad,LB,Per LB,$12.99,,,,,,,,,,,,,,,,,,,,
16418,016 PREPARED FOODS,Grilled Vegetable Orzo,LB,Per LB,$11.49,,,,,,,,,,,,,,,,,,,,
16419,016 PREPARED FOODS,Tortellini Rustica,LB,Per LB,$12.99,,,,,,,,,,,,,,,,,,,,
16420,016 PREPARED FOODS,Cindy`s Spaghetti Salad,LB,Per LB,$9.99,,,,,,,,,,,,,,,,,,,,
16421,016 PREPARED FOODS,Macaroni Salad,LB,Per LB,$6.99,,,,,,,,,,,,,,,,,,,,
16422,016 PREPARED FOODS,Corn Risotto,LB,Per LB,$13.99,,,,,,,,,,,,,,,,,,,,
16423,016 PREPARED FOODS,Herb-Rubbed Filet Mignon,LB,Per LB,$49.99,,,,,,,,,,,,,,,,,,,,
16424,016 PREPARED FOODS,Thai Flank Steak,LB,Per LB,$24.99,,,,,,,,,,,,,,,,,,,,
16425,016 PREPARED FOODS,Pulled Pork,LB,Per LB,$14.99,,,,,,,,,,,,,,,,,,,,
16427,016 PREPARED FOODS,Chicken Milanese,LB,Per LB,$15.99,,,,,,,,,,,,,,,,,,,,
16428,016 PREPARED FOODS,Balsamic Grilled Chicken Breasts,LB,Per LB,$15.99,,,,,,,,,,,,,,,,,,,,
16429,016 PREPARED FOODS,Buttermilk Fried Chicken,LB,Per LB,$10.99,,,,,,,,,,,,,,,,,,,,
16430,016 PREPARED FOODS,Sesame Chicken,LB,Per LB,$13.99,,,,,,,,,,,,,,,,,,,,
16431,016 PREPARED FOODS,Chiles Rellenos,LB,Per LB,$12.99,,,,,,,,,,,,,,,,,,,,
16433,016 PREPARED FOODS,Chicken Meatballs,LB,Per LB,$9.99,,,,,,,,,,,,,,,,,,,,
16434,016 PREPARED FOODS,Wild Rice Pilaf,LB,Per LB,$9.99,,,,,,,,,,,,,,,,,,,,
16436,016 PREPARED FOODS,Turkey Meatloaf,LB,Per LB,$14.99,,,,,,,,,,,,,,,,,,,,
16437,016 PREPARED FOODS,Citrus Brined Turkey Breast,LB,Per LB,$15.99,,,,,,,,,,,,,,,,,,,,
16438,016 PREPARED FOODS,Turkey Wellington,LB,Per LB,$23.99,,,,,,,,,,,,,,,,,,,,
16440,016 PREPARED FOODS,Pear & Brussel Sprout Salad,LB,Per LB,$12.99,,,,,,,,,,,,,,,,,,,,
16441,016 PREPARED FOODS,Zucchini Fritters,LB,Per LB,$12.99,,,,,,,,,,,,,,,,,,,,
16442,016 PREPARED FOODS,Chicken Enchiladas,LB,Per LB,$12.99,,,,,,,,,,,,,,,,,,,,
16444,016 PREPARED FOODS,Jumbo Lump Crab Cakes,LB,Per LB,$27.99,,,,,,,,,,,,,,,,,,,,
16445,016 PREPARED FOODS,Spa Salad,LB,Per LB,$14.99,,,,,,,,,,,,,,,,,,,,
16447,016 PREPARED FOODS,Grilled Salmon,LB,Per LB,$28.99,,,,,,,,,,,,,,,,,,,,
16448,016 PREPARED FOODS,Poached Salmon,LB,Per LB,$28.99,,,,,,,,,,,,,,,,,,,,
16449,016 PREPARED FOODS,Arugula & Goat Cheese Salad,LB,Per LB,$14.99,,,,,,,,,,,,,,,,,,,,
16450,016 PREPARED FOODS,Yakiniku Salmon,LB,Per LB,$28.99,,,,,,,,,,,,,,,,,,,,
16451,016 PREPARED FOODS,Pesto Grilled Chicken,LB,Per LB,$15.99,,,,,,,,,,,,,,,,,,,,
16452,016 PREPARED FOODS,Chicken Franchaise,LB,Per LB,$15.99,,,,,,,,,,,,,,,,,,,,
16453,016 PREPARED FOODS,White Truffle Potato Croquette,LB,Per LB,$22.00,,,,,,,,,,,,,,,,,,,,
16455,016 PREPARED FOODS,Mini Beef Wellingtons,LB,Per LB,$34.00,,,,,,,,,,,,,,,,,,,,
16456,016 PREPARED FOODS,Raspberry & Brie Stars,LB,Per LB,$26.00,,,,,,,,,,,,,,,,,,,,
16457,016 PREPARED FOODS,Pears & Roquefort Stars,LB,Per LB,$24.00,,,,,,,,,,,,,,,,,,,,
16458,016 PREPARED FOODS,Mac & Cheese Tarts,LB,Per LB,$25.00,,,,,,,,,,,,,,,,,,,,
16459,016 PREPARED FOODS,Herb-Rubbed Filet Mignon,LB,Per LB,$90.00,,,,,,,,,,,,,,,,,,,,
16460,016 PREPARED FOODS,Smoked Salmon Bagel,LB,Per LB,$13.99,,,,,,,,,,,,,,,,,,,,
16461,016 PREPARED FOODS,Ham & Swiss Sandwich,LB,Per LB,$9.99,,,,,,,,,,,,,,,,,,,,
16462,016 PREPARED FOODS,French Onion Soup Boules,LB,Per LB,$30.00,,,,,,,,,,,,,,,,,,,,
16463,016 PREPARED FOODS,Chicken Quesadilla Cornucopias,LB,Per LB,$24.00,,,,,,,,,,,,,,,,,,,,
16464,016 PREPARED FOODS,Southwest Chicken Sandwich,LB,Per LB,$11.99,,,,,,,,,,,,,,,,,,,,
16466,016 PREPARED FOODS,Filet of Beef Sandwich,LB,Per LB,$14.00,,,,,,,,,,,,,,,,,,,,
16469,016 PREPARED FOODS,Caprese Sandwich,LB,Per LB,$9.99,,,,,,,,,,,,,,,,,,,,
16470,016 PREPARED FOODS,Apple & Brie Stars,LB,Per LB,$28.00,,,,,,,,,,,,,,,,,,,,
16471,016 PREPARED FOODS,Basil Pesto,LB,Per LB,$16.99,,,,,,,,,,,,,,,,,,,,
16472,016 PREPARED FOODS,Remoulade Sauce,LB,Per LB,$10.99,,,,,,,,,,,,,,,,,,,,
16473,016 PREPARED FOODS,Artichoke Quiche,LB,Per LB,$26.99,,,,,,,,,,,,,,,,,,,,
16476,016 PREPARED FOODS,Harissa BBQ Chicken,LB,Per LB,$15.99,,,,,,,,,,,,,,,,,,,,
16477,016 PREPARED FOODS,Chimichurri Sauce,LB,Per LB,$10.99,,,,,,,,,,,,,,,,,,,,
16480,016 PREPARED FOODS,Strawberry & Arugula Salad,LB,Per LB,$14.99,,,,,,,,,,,,,,,,,,,,
16481,016 PREPARED FOODS,Harvest Salad,LB,Per LB,$14.99,,,,,,,,,,,,,,,,,,,,
16482,016 PREPARED FOODS,Chinese Chicken Salad,LB,Per LB,$16.49,,,,,,,,,,,,,,,,,,,,
16484,016 PREPARED FOODS,Sliced Fruit Platter,LB,Per LB,$60.00,,,,,,,,,,,,,,,,,,,,
16485,016 PREPARED FOODS,Sliced Fruit Platter,LB,Per LB,$35.00,,,,,,,,,,,,,,,,,,,,
16486,016 PREPARED FOODS,Ham & Muenster,LB,Per LB,$9.99,,,,,,,,,,,,,,,,,,,,
16487,016 PREPARED FOODS,Turkey & Swiss Sandwich,LB,Per LB,$9.99,,,,,,,,,,,,,,,,,,,,
16488,016 PREPARED FOODS,Egg Salad,LB,Per LB,$7.99,,,,,,,,,,,,,,,,,,,,
16489,016 PREPARED FOODS,Steak Quesadillas,LB,Per LB,$14.99,,,,,,,,,,,,,,,,,,,,
16490,016 PREPARED FOODS,Corn & Scallion Fritters,LB,Per LB,$24.00,,,,,,,,,,,,,,,,,,,,
16491,016 PREPARED FOODS,Herb Crusted Chicken Breast,LB,Per LB,$15.99,,,,,,,,,,,,,,,,,,,,
16494,016 PREPARED FOODS,Enchiladas Verdes,LB,Per LB,$12.99,,,,,,,,,,,,,,,,,,,,
16495,016 PREPARED FOODS,Haricot Vert Almondine,LB,Per LB,$14.99,,,,,,,,,,,,,,,,,,,,
16496,016 PREPARED FOODS,Roasted Root Vegetables,LB,Per LB,$10.99,,,,,,,,,,,,,,,,,,,,
16497,016 PREPARED FOODS,Korean Fried Chicken,LB,Per LB,$12.99,,,,,,,,,,,,,,,,,,,,
16498,016 PREPARED FOODS,Sambal Chicken,LB,Per LB,$12.99,,,,,,,,,,,,,,,,,,,,
16499,016 PREPARED FOODS,Super Food Salad,LB,Per LB,$14.99,,,,,,,,,,,,,,,,,,,,
16501,016 PREPARED FOODS,Brussels Sprout Hash,LB,Per LB,$24.00,,,,,,,,,,,,,,,,,,,,
16505,016 PREPARED FOODS,Roasted Carrots,LB,Per LB,$24.00,,,,,,,,,,,,,,,,,,,,
16507,016 PREPARED FOODS,Sausage & Peppers,LB,Per LB,$8.99,,,,,,,,,,,,,,,,,,,,
16508,016 PREPARED FOODS,Swedish Meatballs,LB,Per LB,$9.99,,,,,,,,,,,,,,,,,,,,
16510,016 PREPARED FOODS,Mexican Chopped Salad,LB,Per LB,$13.99,,,,,,,,,,,,,,,,,,,,
16511,016 PREPARED FOODS,Creamy Whipped Feta,LB,Per LB,$15.99,,,,,,,,,,,,,,,,,,,,
16512,016 PREPARED FOODS,Butternut Squash & Apple Soup,LB,Per LB,$7.49,,,,,,,,,,,,,,,,,,,,
16513,016 PREPARED FOODS,Assorted Tea Sandwich Platter,LB,Per LB,$24.00,,,,,,,,,,,,,,,,,,,,
16516,016 PREPARED FOODS,Butternut Squash Risotto,LB,Per LB,$9.99,,,,,,,,,,,,,,,,,,,,
16517,016 PREPARED FOODS,Chimichurri Sauce,LB,Per LB,$10.99,,,,,,,,,,,,,,,,,,,,
16519,016 PREPARED FOODS,Parmesan Crusted Chicken Breasts,LB,Per LB,$14.99,,,,,,,,,,,,,,,,,,,,
16520,016 PREPARED FOODS,Corned Beef & Cabbage,LB,Per LB,$16.99,,,,,,,,,,,,,,,,,,,,
16521,016 PREPARED FOODS,Hollandaise Sauce,LB,Per LB,$10.99,,,,,,,,,,,,,,,,,,,,
16522,016 PREPARED FOODS,Bearnaise Sauce,LB,Per LB,$10.99,,,,,,,,,,,,,,,,,,,,
16523,016 PREPARED FOODS,Minestrone Soup,LB,Per LB,$6.99,,,,,,,,,,,,,,,,,,,,
16526,016 PREPARED FOODS,Orange Thyme Vinaigrette,LB,Per LB,$8.99,,,,,,,,,,,,,,,,,,,,
16527,016 PREPARED FOODS,Parmesan Peppercorn Dressing,LB,Per LB,$8.99,,,,,,,,,,,,,,,,,,,,
16528,016 PREPARED FOODS,Manhattan Clam Chowder,LB,Per LB,$6.99,,,,,,,,,,,,,,,,,,,,
16530,016 PREPARED FOODS,French Onion Soup,LB,Per LB,$6.99,,,,,,,,,,,,,,,,,,,,
16531,016 PREPARED FOODS,Harvest Dressing,LB,Per LB,$8.99,,,,,,,,,,,,,,,,,,,,
16532,016 PREPARED FOODS,White Balsamic Vinaigrette,LB,Per LB,$8.99,,,,,,,,,,,,,,,,,,,,
16534,016 PREPARED FOODS,Butternut Squash Soup,LB,Per LB,$6.99,,,,,,,,,,,,,,,,,,,,
16535,016 PREPARED FOODS,Buffalo Chicken Tenders,LB,Per LB,$10.99,,,,,,,,,,,,,,,,,,,,
16536,016 PREPARED FOODS,BBQ Chicken Tenders,LB,Per LB,$10.99,,,,,,,,,,,,,,,,,,,,
16537,016 PREPARED FOODS,Watermelon & Feta Salad,LB,Per LB,$11.99,,,,,,,,,,,,,,,,,,,,
16539,016 PREPARED FOODS,Grilled Asparagus,LB,Per LB,$9.00,,,,,,,,,,,,,,,,,,,,
16540,016 PREPARED FOODS,Grilled Asparagus,LB,Per LB,$27.00,,,,,,,,,,,,,,,,,,,,
16543,016 PREPARED FOODS,Yukon Gold Mashed Potatoes,LB,Per LB,$24.00,,,,,,,,,,,,,,,,,,,,
16546,016 PREPARED FOODS,Beer Battered Haddock,LB,Per LB,$18.99,,,,,,,,,,,,,,,,,,,,
16548,016 PREPARED FOODS,Vermont Cheddar Mac & Cheese,LB,Per LB,$24.00,,,,,,,,,,,,,,,,,,,,
16549,016 PREPARED FOODS,Vermont Cheddar Mac & Cheese,LB,Per LB,$8.00,,,,,,,,,,,,,,,,,,,,
16550,016 PREPARED FOODS,Balsamic Vinaigrette,LB,Per LB,$8.99,,,,,,,,,,,,,,,,,,,,
16551,016 PREPARED FOODS,Quiche Lorraine,LB,Per LB,$26.99,,,,,,,,,,,,,,,,,,,,
16552,016 PREPARED FOODS,Spinach & Cheese Quiche,LB,Per LB,$26.99,,,,,,,,,,,,,,,,,,,,
16553,016 PREPARED FOODS,Mushroom Truffle Risotto Bites,LB,Per LB,$24.00,,,,,,,,,,,,,,,,,,,,
16555,016 PREPARED FOODS,Traditional Stuffing,LB,Per LB,$22.00,,,,,,,,,,,,,,,,,,,,
16558,016 PREPARED FOODS,Champagne Vinaigrette,LB,Per LB,$8.99,,,,,,,,,,,,,,,,,,,,
16559,016 PREPARED FOODS,"Apple,Sausage & Brioche Stuffing",LB,Per LB,$27.00,,,,,,,,,,,,,,,,,,,,
16560,016 PREPARED FOODS,New England Clam Chowder,LB,Per LB,$6.99,,,,,,,,,,,,,,,,,,,,
16561,016 PREPARED FOODS,"Apple,Sausage & Brioche Stuffing",LB,Per LB,$60.00,,,,,,,,,,,,,,,,,,,,
16562,016 PREPARED FOODS,Creamed Spinach,LB,Per LB,$9.00,,,,,,,,,,,,,,,,,,,,
16563,016 PREPARED FOODS,Chicken Tortilla Soup,LB,Per LB,$6.99,,,,,,,,,,,,,,,,,,,,
16564,016 PREPARED FOODS,Creamed Spinach,LB,Per LB,$27.00,,,,,,,,,,,,,,,,,,,,
16566,016 PREPARED FOODS,Mashed Sweet Potatoes,LB,Per LB,$8.00,,,,,,,,,,,,,,,,,,,,
16567,016 PREPARED FOODS,Mashed Sweet Potatoes,LB,Per LB,$24.00,,,,,,,,,,,,,,,,,,,,
16570,016 PREPARED FOODS,Chicken Piccata,LB,Per LB,$14.99,,,,,,,,,,,,,,,,,,,,
16571,016 PREPARED FOODS,Buffalo Chicken Soup,LB,Per LB,$6.99,,,,,,,,,,,,,,,,,,,,
16573,016 PREPARED FOODS,Haricot Vert Almondine,LB,Per LB,$27.00,,,,,,,,,,,,,,,,,,,,
16576,016 PREPARED FOODS,Buttery Salty Roasted Potatoes,LB,Per LB,$24.00,,,,,,,,,,,,,,,,,,,,
16581,016 PREPARED FOODS,Gruyere Cheese Puffs,LB,Per LB,$26.00,,,,,,,,,,,,,,,,,,,,
16582,016 PREPARED FOODS,Gluten-Free Stuffing,LB,Per LB,$8.00,,,,,,,,,,,,,,,,,,,,
16583,016 PREPARED FOODS,Gluten-Free Stuffing,LB,Per LB,$24.00,,,,,,,,,,,,,,,,,,,,
16587,016 PREPARED FOODS,Wild Mushroom Risotto,LB,Per LB,$27.00,,,,,,,,,,,,,,,,,,,,
16589,016 PREPARED FOODS,Traditional Turkey Gravy,LB,Per LB,$14.00,,,,,,,,,,,,,,,,,,,,
16590,016 PREPARED FOODS,Green Bean Casserole,LB,Per LB,$8.00,,,,,,,,,,,,,,,,,,,,
16591,016 PREPARED FOODS,Green Bean Casserole,LB,Per LB,$24.00,,,,,,,,,,,,,,,,,,,,
16592,016 PREPARED FOODS,Chicken Pot Pie,LB,Per LB,$28.99,,,,,,,,,,,,,,,,,,,,
16593,016 PREPARED FOODS,Lobster Salad Sandwich,LB,Per LB,$32.00,,,,,,,,,,,,,,,,,,,,
16596,016 PREPARED FOODS,Roasted Root Vegetables,LB,Per LB,$27.00,,,,,,,,,,,,,,,,,,,,
16599,016 PREPARED FOODS,Chicken Noodle Soup,LB,Per LB,$6.99,,,,,,,,,,,,,,,,,,,,
16600,016 PREPARED FOODS,Roasted Brussels Sprouts,LB,Per LB,$24.00,,,,,,,,,,,,,,,,,,,,
16602,016 PREPARED FOODS,Coconut Shrimp,LB,Per LB,$17.99,,,,,,,,,,,,,,,,,,,,
16604,016 PREPARED FOODS,Vegetable Lasagna,LB,Per LB,$9.99,,,,,,,,,,,,,,,,,,,,
16605,016 PREPARED FOODS,Cornbread & Chorizo Stuffing,LB,Per LB,$27.00,,,,,,,,,,,,,,,,,,,,
16606,016 PREPARED FOODS,Baked Brie En Croute,LB,Per LB,$38.00,,,,,,,,,,,,,,,,,,,,
16607,016 PREPARED FOODS,Buffalo Chicken Dip,LB,Per LB,$14.99,,,,,,,,,,,,,,,,,,,,
16609,016 PREPARED FOODS,Buffalo Chicken Mac & Cheese,LB,Per LB,$9.99,,,,,,,,,,,,,,,,,,,,
16610,016 PREPARED FOODS,Chicken & Artichoke Stew,LB,Per LB,$14.99,,,,,,,,,,,,,,,,,,,,
16611,016 PREPARED FOODS,Beef Burgundy,LB,Per LB,$11.99,,,,,,,,,,,,,,,,,,,,
16613,016 PREPARED FOODS,7 Layer Dip,LB,Per LB,$13.99,,,,,,,,,,,,,,,,,,,,
16614,016 PREPARED FOODS,Beef Lasagna,LB,Per LB,$10.99,,,,,,,,,,,,,,,,,,,,
16616,016 PREPARED FOODS,Thanksgiving Sandwich,LB,Per LB,$10.99,,,,,,,,,,,,,,,,,,,,
16617,016 PREPARED FOODS,Chicken Cacciatore,LB,Per LB,$12.99,,,,,,,,,,,,,,,,,,,,
16618,016 PREPARED FOODS,Three Cheese Arancini,LB,Per LB,$28.00,,,,,,,,,,,,,,,,,,,,
16619,016 PREPARED FOODS,Chicken Pot Pie,LB,Per LB,$14.99,,,,,,,,,,,,,,,,,,,,
16621,016 PREPARED FOODS,Shrimp Salad,LB,Per LB,$24.99,,,,,,,,,,,,,,,,,,,,
16623,016 PREPARED FOODS,Gremolata Crusted Salmon,LB,Per LB,$14.00,,,,,,,,,,,,,,,,,,,,
16625,016 PREPARED FOODS,Chicken Marsala,LB,Per LB,$12.99,,,,,,,,,,,,,,,,,,,,
16627,016 PREPARED FOODS,Spanakopita,LB,Per LB,$22.00,,,,,,,,,,,,,,,,,,,,
16630,016 PREPARED FOODS,Beef Barbacoa Empanada,LB,Per LB,$4.00,,,,,,,,,,,,,,,,,,,,
16631,016 PREPARED FOODS,Peppered Steak,LB,Per LB,$12.99,,,,,,,,,,,,,,,,,,,,
16633,016 PREPARED FOODS,Mole Chicken Enchiladas,LB,Per LB,$90.00,,,,,,,,,,,,,,,,,,,,
16634,016 PREPARED FOODS,Beef Stroganoff,LB,Per LB,$11.99,,,,,,,,,,,,,,,,,,,,
16636,016 PREPARED FOODS,Chicken Coq Au Vin,LB,Per LB,$12.99,,,,,,,,,,,,,,,,,,,,
16637,016 PREPARED FOODS,Stuffed Peppers,LB,Per LB,$8.99,,,,,,,,,,,,,,,,,,,,
16645,016 PREPARED FOODS,Yakinuku Salmon with Grilled Vegetable Stir-Fry,LB,Per LB,$14.99,,,,,,,,,,,,,,,,,,,,
16647,016 PREPARED FOODS,Crunchy Green Goddess Salad,LB,Per LB,$10.99,,,,,,,,,,,,,,,,,,,,
16650,016 PREPARED FOODS,Matzo Crusted Rack Of Lamb,LB,Per LB,$68.00,,,,,,,,,,,,,,,,,,,,
16654,016 PREPARED FOODS,Chicken Empanada,LB,Per LB,$4.00,,,,,,,,,,,,,,,,,,,,
16655,016 PREPARED FOODS,Cuban Empanada,LB,Per LB,$4.00,,,,,,,,,,,,,,,,,,,,
16656,016 PREPARED FOODS,Chicken Quesadilla,LB,Per LB,$7.99,,,,,,,,,,,,,,,,,,,,
16657,016 PREPARED FOODS,Chicken Parmesan,LB,Per LB,$10.99,,,,,,,,,,,,,,,,,,,,
16661,016 PREPARED FOODS,Chicken Fajitas,LB,Per LB,$12.99,,,,,,,,,,,,,,,,,,,,
16663,016 PREPARED FOODS,Ham & Brie Croissant,LB,Per LB,$10.99,,,,,,,,,,,,,,,,,,,,
16664,016 PREPARED FOODS,Sole Almondine,LB,Per LB,$15.99,,,,,,,,,,,,,,,,,,,,
16665,016 PREPARED FOODS,Mini Meatloaf,LB,Per LB,$6.99,,,,,,,,,,,,,,,,,,,,
16666,016 PREPARED FOODS,BBQ Spareribs,LB,Per LB,$12.99,,,,,,,,,,,,,,,,,,,,
16670,016 PREPARED FOODS,Twice Baked Potatoes,LB,Per LB,$9.99,,,,,,,,,,,,,,,,,,,,
16671,016 PREPARED FOODS,Shrimp Cocktail Platter,LB,Per LB,$42.00,,,,,,,,,,,,,,,,,,,,
16672,016 PREPARED FOODS,Sliced Fruit Platter,LB,Per LB,$28.00,,,,,,,,,,,,,,,,,,,,
16673,016 PREPARED FOODS,East Coast Cheese Platter,LB,Per LB,$45.00,,,,,,,,,,,,,,,,,,,,
16674,016 PREPARED FOODS,Grilled Shrimp,LB,Per LB,$12.99,,,,,,,,,,,,,,,,,,,,
16675,016 PREPARED FOODS,Crudité Platter,LB,Per LB,$35.00,,,,,,,,,,,,,,,,,,,,
16676,016 PREPARED FOODS,Shrimp Scampi,LB,Per LB,$12.99,,,,,,,,,,,,,,,,,,,,
16679,016 PREPARED FOODS,Classic Shepard's Pie,LB,Per LB,$9.49,,,,,,,,,,,,,,,,,,,,
16680,016 PREPARED FOODS,Chicken Parmesan,LB,Per LB,$14.99,,,,,,,,,,,,,,,,,,,,
16681,016 PREPARED FOODS,Chicken Cordon Bleu,LB,Per LB,$14.99,,,,,,,,,,,,,,,,,,,,
16685,016 PREPARED FOODS,Hungarian Goulash,LB,Per LB,$9.99,,,,,,,,,,,,,,,,,,,,
16688,016 PREPARED FOODS,Broccoli Cheddar Quiche,LB,Per LB,$26.99,,,,,,,,,,,,,,,,,,,,
16690,016 PREPARED FOODS,Hungarian Mushroom Soup,LB,Per LB,$6.99,,,,,,,,,,,,,,,,,,,,
16692,016 PREPARED FOODS,Grilled Steak,LB,Per LB,$9.99,,,,,,,,,,,,,,,,,,,,
16694,016 PREPARED FOODS,Tomato Basil Soup,LB,Per LB,$6.99,,,,,,,,,,,,,,,,,,,,
16695,016 PREPARED FOODS,Cauliflower & Cheddar Soup,LB,Per LB,$6.99,,,,,,,,,,,,,,,,,,,,
16696,016 PREPARED FOODS,Roasted Vegetable Soup,LB,Per LB,$6.99,,,,,,,,,,,,,,,,,,,,
16697,016 PREPARED FOODS,Greek Chicken Soup,LB,Per LB,$6.99,,,,,,,,,,,,,,,,,,,,
16698,016 PREPARED FOODS,Chicken Corn Chowder,LB,Per LB,$6.99,,,,,,,,,,,,,,,,,,,,
16701,016 PREPARED FOODS,Chicken & Dumpling Soup,LB,Per LB,$6.99,,,,,,,,,,,,,,,,,,,,
16702,016 PREPARED FOODS,Cream of Broccoli,LB,Per LB,$6.49,,,,,,,,,,,,,,,,,,,,
16703,016 PREPARED FOODS,Thai Chicken Soup,LB,Per LB,$6.99,,,,,,,,,,,,,,,,,,,,
16704,016 PREPARED FOODS,Chicken & Vegetable Soup,LB,Per LB,$6.99,,,,,,,,,,,,,,,,,,,,
16705,016 PREPARED FOODS,Tomato Bisque,LB,Per LB,$6.49,,,,,,,,,,,,,,,,,,,,
16706,016 PREPARED FOODS,Shrimp & Sausage Gumbo,LB,Per LB,$6.99,,,,,,,,,,,,,,,,,,,,
16708,016 PREPARED FOODS,Quiche Lorraine,LB,Per LB,$11.99,,,,,,,,,,,,,,,,,,,,
16709,016 PREPARED FOODS,Chicken Vegetable Soup,LB,Per LB,$6.99,,,,,,,,,,,,,,,,,,,,
16710,016 PREPARED FOODS,White Bean & Escarole Soup,LB,Per LB,$6.99,,,,,,,,,,,,,,,,,,,,
16711,016 PREPARED FOODS,Angus Steak Chili,LB,Per LB,$6.99,,,,,,,,,,,,,,,,,,,,
16719,016 PREPARED FOODS,Mini Grilled Cheese Triangles,LB,Per LB,$20.00,,,,,,,,,,,,,,,,,,,,
16724,016 PREPARED FOODS,Potato Chip Chicken Breast,LB,Per LB,$15.99,,,,,,,,,,,,,,,,,,,,
16739,016 PREPARED FOODS,Texas Beef Chili,LB,Per LB,$6.99,,,,,,,,,,,,,,,,,,,,
16742,016 PREPARED FOODS,Cornbread & Chorizo Stuffing,LB,Per LB,$60.00,,,,,,,,,,,,,,,,,,,,
16744,016 PREPARED FOODS,Turkey Chili,LB,Per LB,$6.99,,,,,,,,,,,,,,,,,,,,
16750,016 PREPARED FOODS,Spinach & Cheese Quiche,LB,Per LB,$11.99,,,,,,,,,,,,,,,,,,,,
16754,016 PREPARED FOODS,Mashed Sweet Potatoes,LB,Per LB,$8.99,,,,,,,,,,,,,,,,,,,,
16755,016 PREPARED FOODS,Roast Beef Sandwich,LB,Per LB,$10.99,,,,,,,,,,,,,,,,,,,,
16760,016 PREPARED FOODS,Turkey Tetrazzini,LB,Per LB,$9.99,,,,,,,,,,,,,,,,,,,,
16761,016 PREPARED FOODS,Turkey Shephard's Pie,LB,Per LB,$10.99,,,,,,,,,,,,,,,,,,,,
16777,016 PREPARED FOODS,Classic Lentil Soup,LB,Per LB,$6.99,,,,,,,,,,,,,,,,,,,,
16779,016 PREPARED FOODS,Portuguese Kale Soup,LB,Per LB,$6.99,,,,,,,,,,,,,,,,,,,,
16780,016 PREPARED FOODS,French Picnic Wrap,LB,Per LB,$10.99,,,,,,,,,,,,,,,,,,,,
16781,016 PREPARED FOODS,Caesar Dressing,LB,Per LB,$8.99,,,,,,,,,,,,,,,,,,,,
16782,016 PREPARED FOODS,Brussel Sprout Gratin,LB,Per LB,$27.00,,,,,,,,,,,,,,,,,,,,
16783,016 PREPARED FOODS,Chicken Salad Pita,LB,Per LB,$10.99,,,,,,,,,,,,,,,,,,,,
16787,016 PREPARED FOODS,Buffalo Chicken Wrap,LB,Per LB,$10.99,,,,,,,,,,,,,,,,,,,,
16789,016 PREPARED FOODS,Beet & Arugula Salad,LB,Per LB,$14.99,,,,,,,,,,,,,,,,,,,,
16791,016 PREPARED FOODS,Chicken Burgers,LB,Per LB,$10.99,,,,,,,,,,,,,,,,,,,,
16792,016 PREPARED FOODS,Potato & Pea Samosas,LB,Per LB,$26.00,,,,,,,,,,,,,,,,,,,,
16795,016 PREPARED FOODS,"Ham, Pepper, Onion & Swiss Quiche",LB,Per LB,$36.00,,,,,,,,,,,,,,,,,,,,
16796,016 PREPARED FOODS,Beef Vegetable Stew,LB,Per LB,$11.99,,,,,,,,,,,,,,,,,,,,
16799,016 PREPARED FOODS,Cubano Pull-Apart Sliders,LB,Per LB,$24.00,,,,,,,,,,,,,,,,,,,,
16804,016 PREPARED FOODS,Parmesan Cauliflower,LB,Per LB,$24.00,,,,,,,,,,,,,,,,,,,,
16808,016 PREPARED FOODS,Tuna Salad Pita,LB,Per LB,$10.99,,,,,,,,,,,,,,,,,,,,
16809,016 PREPARED FOODS,Roasted Vegetable Quiche,LB,Per LB,$11.99,,,,,,,,,,,,,,,,,,,,
16810,016 PREPARED FOODS,Spinach & Herb Dip,LB,Per LB,$10.99,,,,,,,,,,,,,,,,,,,,
16811,016 PREPARED FOODS,Chipotle Sauce,LB,Per LB,$10.99,,,,,,,,,,,,,,,,,,,,
16813,016 PREPARED FOODS,Broccoli Cheddar Quiche,LB,Per LB,$11.99,,,,,,,,,,,,,,,,,,,,
16818,016 PREPARED FOODS,Artichoke Quiche,LB,Per LB,$11.99,,,,,,,,,,,,,,,,,,,,
16823,016 PREPARED FOODS,Mediterranean Spinach Salad,LB,Per LB,$14.99,,,,,,,,,,,,,,,,,,,,
16824,016 PREPARED FOODS,Bacon Jam,LB,Per LB,$12.99,,,,,,,,,,,,,,,,,,,,
16829,016 PREPARED FOODS,Roasted Garlic Dip,LB,Per LB,$10.99,,,,,,,,,,,,,,,,,,,,
16837,016 PREPARED FOODS,Tomato Bacon Quiche,LB,Per LB,$11.99,,,,,,,,,,,,,,,,,,,,
16838,016 PREPARED FOODS,Grilled Vegetable Platter,LB,Per LB,$95.00,,,,,,,,,,,,,,,,,,,,
16843,016 PREPARED FOODS,Potato Chip Basket,LB,Per LB,$40.00,,,,,,,,,,,,,,,,,,,,
16844,016 PREPARED FOODS,Vegetable Crudité Basket,LB,Per LB,$55.00,,,,,,,,,,,,,,,,,,,,
16852,016 PREPARED FOODS,Mozzarella Sticks,LB,Per LB,$17.99,,,,,,,,,,,,,,,,,,,,
16853,016 PREPARED FOODS,Pineapple Jalapeno Margarita Mix,LB,Per LB,$12.99,,,,,,,,,,,,,,,,,,,,
16857,016 PREPARED FOODS,East Coast Cheese Platter,LB,Per LB,$185.00,,,,,,,,,,,,,,,,,,,,
16860,016 PREPARED FOODS,Spicy Chicken Wings,LB,Per LB,$8.99,,,,,,,,,,,,,,,,,,,,
16861,016 PREPARED FOODS,Strawberry Margarita Mix,LB,Per LB,$12.99,,,,,,,,,,,,,,,,,,,,
16862,016 PREPARED FOODS,Marinara Sauce,LB,Per LB,$6.99,,,,,,,,,,,,,,,,,,,,
16865,016 PREPARED FOODS,International Cheese Platter,LB,Per LB,$95.00,,,,,,,,,,,,,,,,,,,,
16872,016 PREPARED FOODS,Cold Gazpacho Soup,LB,Per LB,$6.99,,,,,,,,,,,,,,,,,,,,
16873,016 PREPARED FOODS,Chicken Scarpiello Meatballs,LB,Per LB,$14.99,,,,,,,,,,,,,,,,,,,,
16878,016 PREPARED FOODS,Chicken Caesar Salad,LB,Per LB,$16.49,,,,,,,,,,,,,,,,,,,,
16886,016 PREPARED FOODS,Poached Pear & Quinoa Salad,LB,Per LB,$12.99,,,,,,,,,,,,,,,,,,,,
16887,016 PREPARED FOODS,Red Wine Vinaigrette,LB,Per LB,$8.99,,,,,,,,,,,,,,,,,,,,
16888,016 PREPARED FOODS,Spring Pea Risotto,LB,Per LB,$9.00,,,,,,,,,,,,,,,,,,,,
16891,016 PREPARED FOODS,Roasted Garlic Mashed Potatoes,LB,Per LB,$8.00,,,,,,,,,,,,,,,,,,,,
16893,016 PREPARED FOODS,Mint Pesto,LB,Per LB,$10.99,,,,,,,,,,,,,,,,,,,,
16896,016 PREPARED FOODS,Stuffed Acorn Squash,LB,Per LB,$9.99,,,,,,,,,,,,,,,,,,,,
16898,016 PREPARED FOODS,Autumn Salad,LB,Per LB,$14.99,,,,,,,,,,,,,,,,,,,,
16900,016 PREPARED FOODS,Gluten-Free Turkey Gravy,LB,Per LB,$14.00,,,,,,,,,,,,,,,,,,,,
16901,016 PREPARED FOODS,Lemon Sole Franchaise,LB,Per LB,$14.99,,,,,,,,,,,,,,,,,,,,
16904,016 PREPARED FOODS,Lemon Rosemary Chicken,LB,Per LB,$12.99,,,,,,,,,,,,,,,,,,,,
16910,016 PREPARED FOODS,Fall Farro Salad,LB,Per LB,$12.99,,,,,,,,,,,,,,,,,,,,
16915,016 PREPARED FOODS,Sweet Corn Casserole,LB,Per LB,$7.00,,,,,,,,,,,,,,,,,,,,
16917,016 PREPARED FOODS,Hot Spinach & Artichoke Dip,LB,Per LB,$18.00,,,,,,,,,,,,,,,,,,,,
16920,016 PREPARED FOODS,Sweet Corn Casserole,LB,Per LB,$22.00,,,,,,,,,,,,,,,,,,,,
16922,016 PREPARED FOODS,Sweet Corn Casserole,LB,Per LB,$45.00,,,,,,,,,,,,,,,,,,,,
16923,016 PREPARED FOODS,Brussel Sprout Gratin,LB,Per LB,$9.00,,,,,,,,,,,,,,,,,,,,
16925,016 PREPARED FOODS,Broccoli Cheddar Soup,LB,Per LB,$6.99,,,,,,,,,,,,,,,,,,,,
16926,016 PREPARED FOODS,Coconut Crusted Shrimp,LB,Per LB,$28.00,,,,,,,,,,,,,,,,,,,,
16927,016 PREPARED FOODS,Horseradish Sauce,LB,Per LB,$10.99,,,,,,,,,,,,,,,,,,,,
16928,016 PREPARED FOODS,Black Bean Soup,LB,Per LB,$6.99,,,,,,,,,,,,,,,,,,,,
16931,016 PREPARED FOODS,Carrot Ginger Soup,LB,Per LB,$6.99,,,,,,,,,,,,,,,,,,,,
16933,016 PREPARED FOODS,Stuffed Mushrooms,LB,Per LB,$26.00,,,,,,,,,,,,,,,,,,,,
16935,016 PREPARED FOODS,Shallot Rosemary Demi Glace,LB,Per LB,$14.00,,,,,,,,,,,,,,,,,,,,
16937,016 PREPARED FOODS,Meat Lasagna,LB,Per LB,$60.00,,,,,,,,,,,,,,,,,,,,
16938,016 PREPARED FOODS,Fresh Tomato Salsa,LB,Per LB,$9.99,,,,,,,,,,,,,,,,,,,,
16940,016 PREPARED FOODS,Tropical Fruit Salsa,LB,Per LB,$9.99,,,,,,,,,,,,,,,,,,,,
16941,016 PREPARED FOODS,Lolla Rosa Salad,LB,Per LB,$14.99,,,,,,,,,,,,,,,,,,,,
16944,016 PREPARED FOODS,Herb Roasted Turkey Breast,LB,Per LB,$65.00,,,,,,,,,,,,,,,,,,,,
16945,016 PREPARED FOODS,Filet of Beef,LB,Per LB,$225.00,,,,,,,,,,,,,,,,,,,,
16946,016 PREPARED FOODS,Guacamole,LB,Per LB,$11.99,,,,,,,,,,,,,,,,,,,,
16951,016 PREPARED FOODS,Chicken Quesadillas,LB,Per LB,$12.99,,,,,,,,,,,,,,,,,,,,
16954,016 PREPARED FOODS,Vegetable Cornucopias,LB,Per LB,$24.00,,,,,,,,,,,,,,,,,,,,
16958,016 PREPARED FOODS,Mache Salad,LB,Per LB,$14.99,,,,,,,,,,,,,,,,,,,,
16959,016 PREPARED FOODS,Shrimp Paella,LB,Per LB,$11.99,,,,,,,,,,,,,,,,,,,,
16962,016 PREPARED FOODS,Whole Cranberry Sauce,LB,Per LB,$3.99,,,,,,,,,,,,,,,,,,,,
16963,016 PREPARED FOODS,Eggplant Parmesan,LB,Per LB,$9.99,,,,,,,,,,,,,,,,,,,,
16964,016 PREPARED FOODS,Mini Jumbo Lump Crab Cakes,LB,Per LB,$34.00,,,,,,,,,,,,,,,,,,,,
16965,016 PREPARED FOODS,Bacon Wrapped Dates,LB,Per LB,$28.00,,,,,,,,,,,,,,,,,,,,
16966,016 PREPARED FOODS,Chipotle Chicken Cornbread Cakes,LB,Per LB,$28.00,,,,,,,,,,,,,,,,,,,,
16967,016 PREPARED FOODS,Classic Deviled Eggs,LB,Per LB,$22.00,,,,,,,,,,,,,,,,,,,,
16968,016 PREPARED FOODS,"Zucchini, Bacon & Gruyere Quiche",LB,Per LB,$36.00,,,,,,,,,,,,,,,,,,,,
16973,016 PREPARED FOODS,Truffle Vinaigrette Dressing,LB,Per LB,$9.99,,,,,,,,,,,,,,,,,,,,
16974,016 PREPARED FOODS,Ham Salad,LB,Per LB,$9.99,,,,,,,,,,,,,,,,,,,,
16977,016 PREPARED FOODS,Scalloped Potatoes,LB,Per LB,$60.00,,,,,,,,,,,,,,,,,,,,
16979,016 PREPARED FOODS,Tomato & Garden Vegetable Soup,LB,Per LB,$6.99,,,,,,,,,,,,,,,,,,,,
16980,016 PREPARED FOODS,Scalloped Potatoes,LB,Per LB,$9.00,,,,,,,,,,,,,,,,,,,,
16981,016 PREPARED FOODS,Butternut Squash Risotto,LB,Per LB,$60.00,,,,,,,,,,,,,,,,,,,,
16983,016 PREPARED FOODS,Corn Chowder,LB,Per LB,$6.49,,,,,,,,,,,,,,,,,,,,
16984,016 PREPARED FOODS,Butternut Squash Risotto,LB,Per LB,$27.00,,,,,,,,,,,,,,,,,,,,
16987,016 PREPARED FOODS,Baked Brie En Croute,LB,Per LB,$38.00,,,,,,,,,,,,,,,,,,,,
16988,016 PREPARED FOODS,3 Bean Vegetarian Chili,LB,Per LB,$6.49,,,,,,,,,,,,,,,,,,,,
16989,016 PREPARED FOODS,Scalloped Potatoes,LB,Per LB,$27.00,,,,,,,,,,,,,,,,,,,,
16991,016 PREPARED FOODS,Deli Misc,LB,Per LB,$0.00,,,,,,,,,,,,,,,,,,,,
16992,016 PREPARED FOODS,Cranberry Orange Relish,LB,Per LB,$10.00,,,,,,,,,,,,,,,,,,,,
16994,016 PREPARED FOODS,Cheesy Cauliflower Gratin,LB,Per LB,$24.00,,,,,,,,,,,,,,,,,,,,
16995,016 PREPARED FOODS,Roasted Carrots,LB,Per LB,$55.00,,,,,,,,,,,,,,,,,,,,
16997,016 PREPARED FOODS,Tomato Bacon Quiche,LB,Per LB,$26.99,,,,,,,,,,,,,,,,,,,,
16998,016 PREPARED FOODS,Cranberry Orange Relish,LB,Per LB,$3.99,,,,,,,,,,,,,,,,,,,,
16999,016 PREPARED FOODS,Whole Cranberry Sauce,LB,Per LB,$10.00,,,,,,,,,,,,,,,,,,,,
1083,005 PRODUCE,GINGER ROOT,LB,Per LB,$5.99,,,,,,,,,,,,,,,,,,,,
3012,005 PRODUCE,Abate Fetal Pear,LB,Per LB,$2.99,,,,,,,,,,,,,,,,,,,,
3035,005 PRODUCE,Sweet White Nectarines,LB,Per LB,$4.99,,,,,,,,,,,,,,,,,,,,
3061,005 PRODUCE,Ugly Tomatoes,LB,Per LB,$4.99,,,,,,,,,,,,,,,,,,,,
3073,005 PRODUCE,Local Apples,LB,Per LB,$2.99,,,,,,,,,,,,,,,,,,,,
3093,005 PRODUCE,Cotton Candy Grapes,LB,Per LB,$7.99,,,,,,,,,,,,,,,,,,,,
3118,005 PRODUCE,Krimson Pears,LB,Per LB,$2.99,,,,,,,,,,,,,,,,,,,,
3121,005 PRODUCE,Sweet Orange Peppers,LB,Per LB,$4.99,,,,,,,,,,,,,,,,,,,,
3134,005 PRODUCE,Sugar Pumpkins,LB,PER LB,$5.99,,,,,,,,,,,,,,,,,,,,
3135,005 PRODUCE,Locally Grown Gourds,LB,Per LB,$4.99,,,,,,,,,,,,,,,,,,,,
3142,005 PRODUCE,Squash,LB,Per LB,$2.49,,,,,,,,,,,,,,,,,,,,
3151,005 PRODUCE,Beefsteak Tomatoes,LB,Per LB,$4.99,,,,,,,,,,,,,,,,,,,,
3156,005 PRODUCE,Oranges Midknight Large,LB,Per LB,$5.00,,,,,,,,,,,,,,,,,,,,
3171,005 PRODUCE,Honeynut Squash,LB,Per LB,$2.99,,,,,,,,,,,,,,,,,,,,
3243,005 PRODUCE,Heirloom Tomatoes,LB,Per LB,$5.99,,,,,,,,,,,,,,,,,,,,
3278,005 PRODUCE,Sweet Ripe Pluots,LB,Per LB,$5.99,,,,,,,,,,,,,,,,,,,,
3282,005 PRODUCE,Orange Tom On Vine,LB,Per LB,$3.99,,,,,,,,,,,,,,,,,,,,
3293,005 PRODUCE,Sweet/Tart Jazz Apples,LB,Per LB,$2.99,,,,,,,,,,,,,,,,,,,,
3294,005 PRODUCE,Jazz Apple,LB,Per LB,$2.49,,,,,,,,,,,,,,,,,,,,
3299,005 PRODUCE,Breeze Apples,LB,Per LB,$2.99,,,,,,,,,,,,,,,,,,,,
3302,005 PRODUCE,Apricots,LB,Per LB,$5.99,,,,,,,,,,,,,,,,,,,,
3421,005 PRODUCE,Seedless Watermelon,LB,Per LB,$7.99,,,,,,,,,,,,,,,,,,,,
3422,005 PRODUCE,Apricots,LB,Per LB,$5.99,,,,,,,,,,,,,,,,,,,,
3423,005 PRODUCE,Heirloom Tomatoes,LB,Per LB,$6.99,,,,,,,,,,,,,,,,,,,,
3438,005 PRODUCE,Ambrosia Apples,LB,Per LB,$2.99,,,,,,,,,,,,,,,,,,,,
3442,005 PRODUCE,Snap Dragon Apple,LB,Per LB,$2.99,,,,,,,,,,,,,,,,,,,,
3443,005 PRODUCE,Ruby Frost Apple,LB,Per LB,$2.99,,,,,,,,,,,,,,,,,,,,
3450,005 PRODUCE,Grapes,LB,Per LB,$4.99,,,,,,,,,,,,,,,,,,,,
3452,005 PRODUCE,Green Seedless Grapes,LB,Per LB,$6.99,,,,,,,,,,,,,,,,,,,,
3468,005 PRODUCE,Honey Crisp Apple Small,LB,Per LB,$2.99,,,,,,,,,,,,,,,,,,,,
3486,005 PRODUCE,Sugar Bee Apples,LB,Per LB,$4.99,,,,,,,,,,,,,,,,,,,,
3487,005 PRODUCE,Rave Apples,LB,Per LB,$3.99,,,,,,,,,,,,,,,,,,,,
3490,005 PRODUCE,EVER CRISP APPLE,LB,Per LB,$2.99,,,,,,,,,,,,,,,,,,,,
3492,005 PRODUCE,Red Seedless Grapes,LB,Per LB,$4.99,,,,,,,,,,,,,,,,,,,,
3498,005 PRODUCE,Green Seedless Grapes,LB,Per LB,$4.99,,,,,,,,,,,,,,,,,,,,
3501,005 PRODUCE,Cotton Candy Grapes,LB,Per LB,$7.99,,,,,,,,,,,,,,,,,,,,
3503,005 PRODUCE,SEEDLESS RED GRAPES,LB,Per LB,$4.99,,,,,,,,,,,,,,,,,,,,
3504,005 PRODUCE,Seedless Green Grapes,LB,Per LB,$3.99,,,,,,,,,,,,,,,,,,,,
3507,005 PRODUCE,Cosmic Crisp Apples,LB,Per LB,$2.99,,,,,,,,,,,,,,,,,,,,
3528,005 PRODUCE,Hunnyz  Apple,LB,Per LB,$2.99,,,,,,,,,,,,,,,,,,,,
3552,005 PRODUCE,SEEDLESS GRAPES,LB,Per LB,$4.99,,,,,,,,,,,,,,,,,,,,
3603,005 PRODUCE,Sweet Tango Apple,LB,Per LB,$3.99,,,,,,,,,,,,,,,,,,,,
3607,005 PRODUCE,Eve Apple,LB,Per LB,$2.49,,,,,,,,,,,,,,,,,,,,
3608,005 PRODUCE,Pacific Rose Apples,LB,Per LB,$2.49,,,,,,,,,,,,,,,,,,,,
3611,005 PRODUCE,Pluots,LB,Per LB,$5.99,,,,,,,,,,,,,,,,,,,,
3616,005 PRODUCE,Envy Apple,LB,Per LB,$3.99,,,,,,,,,,,,,,,,,,,,
3618,005 PRODUCE,APPLES OPAL,LB,Per LB,$4.99,,,,,,,,,,,,,,,,,,,,
3907,005 PRODUCE,Gum Drop Grapes,LB,Per LB,$6.99,,,,,,,,,,,,,,,,,,,,
4015,005 PRODUCE,Aplles Red Delicious,LB,Per LB,$1.99,,,,,,,,,,,,,,,,,,,,
4016,005 PRODUCE,Crisp Red Delicious Apples,LB,Per LB,$2.49,,,,,,,,,,,,,,,,,,,,
4018,005 PRODUCE,Apples Granny Smith,LB,Per LB,$1.69,,,,,,,,,,,,,,,,,,,,
4019,005 PRODUCE,Macintosh Apples,LB,Per LB,$2.49,,,,,,,,,,,,,,,,,,,,
4020,005 PRODUCE,Golden Delicious Apples,LB,Per LB,$2.49,,,,,,,,,,,,,,,,,,,,
4021,005 PRODUCE,Golden Delicious Apples,LB,Per LB,$1.99,,,,,,,,,,,,,,,,,,,,
4022,005 PRODUCE,Seedless Green Grapes,LB,Per LB,$4.99,,,,,,,,,,,,,,,,,,,,
4023,005 PRODUCE,Red Seedless Grapes,LB,Per LB,$4.99,,,,,,,,,,,,,,,,,,,,
4024,005 PRODUCE,Bartlett Pears,LB,Per LB,$2.99,,,,,,,,,,,,,,,,,,,,
4025,005 PRODUCE,Pear;Anjou,LB,Per LB,$1.99,,,,,,,,,,,,,,,,,,,,
4026,005 PRODUCE,Bosc Pears,LB,Per LB,$1.99,,,,,,,,,,,,,,,,,,,,
4027,005 PRODUCE,Large Pink Grapefruit,LB,Per LB,$2.99,,,,,,,,,,,,,,,,,,,,
4028,005 PRODUCE,Canadian Strawberries,LB,Per LB,$4.99,,,,,,,,,,,,,,,,,,,,
4030,005 PRODUCE,Kiwi Fruit,LB,Per LB,$0.99,,,,,,,,,,,,,,,,,,,,
4032,005 PRODUCE,Whole Watermelons,LB,Per LB,$9.99,,,,,,,,,,,,,,,,,,,,
4035,005 PRODUCE,White Nectarines,LB,Per LB,$3.99,,,,,,,,,,,,,,,,,,,,
4036,005 PRODUCE,Nectarines,LB,Per LB,$5.99,,,,,,,,,,,,,,,,,,,,
4037,005 PRODUCE,California Peaches,LB,Per LB,$3.99,,,,,,,,,,,,,,,,,,,,
4038,005 PRODUCE,Ct. Peaches,LB,Per LB,$2.49,,,,,,,,,,,,,,,,,,,,
4039,005 PRODUCE,Black Plum,LB,Per LB,$3.99,,,,,,,,,,,,,,,,,,,,
4040,005 PRODUCE,Sweet Black Plums,LB,Per LB,$4.99,,,,,,,,,,,,,,,,,,,,
4041,005 PRODUCE,Sweet Red Plums,LB,Per LB,$4.99,,,,,,,,,,,,,,,,,,,,
4042,005 PRODUCE,RED. PLUM,LB,Per LB,$4.99,,,,,,,,,,,,,,,,,,,,
4043,005 PRODUCE,SOUTHERN PEACHES,LB,Per LB,$3.99,,,,,,,,,,,,,,,,,,,,
4044,005 PRODUCE,California Peaches,LB,Per LB,$5.99,,,,,,,,,,,,,,,,,,,,
4045,005 PRODUCE,SWEET CHERRIES,LB,Per LB,$8.99,,,,,,,,,,,,,,,,,,,,
4056,005 PRODUCE,Black Seedless Grapes,LB,Per LB,$2.49,,,,,,,,,,,,,,,,,,,,
4060,005 PRODUCE,Bunched Broccoli,LB,Per LB,$6.99,,,,,,,,,,,,,,,,,,,,
4061,005 PRODUCE,Iceberg Lettuce,LB,Per LB,$3.99,,,,,,,,,,,,,,,,,,,,
4062,005 PRODUCE,Super Sweet Cucumbers,LB,Per LB,$1.29,,,,,,,,,,,,,,,,,,,,
4063,005 PRODUCE,San Mazzo Tomatoes,LB,Per LB,$7.99,,,,,,,,,,,,,,,,,,,,
4064,005 PRODUCE,Tomatoes On The Vine,LB,Per LB,$1.99,,,,,,,,,,,,,,,,,,,,
4065,005 PRODUCE,Green Peppers,LB,Per LB,$3.99,,,,,,,,,,,,,,,,,,,,
4066,005 PRODUCE,Green Beans,LB,Per LB,$1.99,,,,,,,,,,,,,,,,,,,,
4068,005 PRODUCE,Scallions,LB,Per LB,$1.99,,,,,,,,,,,,,,,,,,,,
4069,005 PRODUCE,Green Cabbage,LB,Per LB,$0.99,,,,,,,,,,,,,,,,,,,,
4070,005 PRODUCE,Celery Bunch,LB,Per LB,$3.49,,,,,,,,,,,,,,,,,,,,
4072,005 PRODUCE,Org Russet Potato,LB,Per LB,$1.99,,,,,,,,,,,,,,,,,,,,
4073,005 PRODUCE,Red Potatoes,LB,Per LB,$1.99,,,,,,,,,,,,,,,,,,,,
4074,005 PRODUCE,Sweet Potato,LB,Per LB,$1.69,,,,,,,,,,,,,,,,,,,,
4075,005 PRODUCE,Red Leaf Lettuce,LB,Per LB,$3.99,,,,,,,,,,,,,,,,,,,,
4076,005 PRODUCE,Green Leaf Lettuce,LB,Per LB,$3.99,,,,,,,,,,,,,,,,,,,,
4078,005 PRODUCE,Bi-Color Corn,LB,Per LB,$0.99,,,,,,,,,,,,,,,,,,,,
4079,005 PRODUCE,Cauliflower,LB,Per LB,$5.99,,,,,,,,,,,,,,,,,,,,
4081,005 PRODUCE,Eggplant,LB,Per LB,$2.99,,,,,,,,,,,,,,,,,,,,
4082,005 PRODUCE,Red Onions,LB,Per LB,$1.99,,,,,,,,,,,,,,,,,,,,
4083,005 PRODUCE,White Potatoes,LB,Per LB,$0.99,,,,,,,,,,,,,,,,,,,,
4085,005 PRODUCE,Baby Red Peppers,LB,Per LB,$9.99,,,,,,,,,,,,,,,,,,,,
4086,005 PRODUCE,Yellow Squash,LB,Per LB,$1.99,,,,,,,,,,,,,,,,,,,,
4087,005 PRODUCE,Heirloom Tomatoes,LB,Per LB,$6.99,,,,,,,,,,,,,,,,,,,,
4088,005 PRODUCE,Sweet Red Peppers,LB,Per LB,$4.99,,,,,,,,,,,,,,,,,,,,
4089,005 PRODUCE,Bunch Radishes,LB,Per LB,$2.99,,,,,,,,,,,,,,,,,,,,
4090,005 PRODUCE,Bunch Spinach,LB,Per LB,$3.99,,,,,,,,,,,,,,,,,,,,
4091,005 PRODUCE,Sweet Potatoes,LB,Per LB,$2.49,,,,,,,,,,,,,,,,,,,,
4093,005 PRODUCE,Spanish Onions,LB,Per LB,$1.99,,,,,,,,,,,,,,,,,,,,
4094,005 PRODUCE,Bunch Carrots,LB,Per LB,$3.99,,,,,,,,,,,,,,,,,,,,
4095,005 PRODUCE,Waxed Turnips,LB,Per LB,$1.29,,,,,,,,,,,,,,,,,,,,
4096,005 PRODUCE,Ginger Gold Apples,LB,Per LB,$2.49,,,,,,,,,,,,,,,,,,,,
4099,005 PRODUCE,Seedless Red Grapes,LB,Per LB,$3.99,,,,,,,,,,,,,,,,,,,,
4106,005 PRODUCE,Cortland Apples,LB,Per LB,$2.49,,,,,,,,,,,,,,,,,,,,
4107,005 PRODUCE,Crab Apples,LB,Per LB,$2.99,,,,,,,,,,,,,,,,,,,,
4110,005 PRODUCE,Crispin Apple,LB,Per LB,$2.49,,,,,,,,,,,,,,,,,,,,
4111,005 PRODUCE,Papayas,LB,Per LB,$3.99,,,,,,,,,,,,,,,,,,,,
4113,005 PRODUCE,Northern Spy Apples,LB,Per LB,$1.69,,,,,,,,,,,,,,,,,,,,
4116,005 PRODUCE,Early Red Apples,LB,Per LB,$1.99,,,,,,,,,,,,,,,,,,,,
4117,005 PRODUCE,Red Anjou Pear,LB,Per LB,$1.99,,,,,,,,,,,,,,,,,,,,
4118,005 PRODUCE,Early Apples,LB,Per LB,$1.99,,,,,,,,,,,,,,,,,,,,
4121,005 PRODUCE,SHAMROCK APPLE,LB,Per LB,$5.99,,,,,,,,,,,,,,,,,,,,
4122,005 PRODUCE,Hidden Rose Apples,LB,Per LB,$6.99,,,,,,,,,,,,,,,,,,,,
4124,005 PRODUCE,Crisp Empire Apples,LB,Per LB,$2.49,,,,,,,,,,,,,,,,,,,,
4126,005 PRODUCE,Empire Apples,LB,Per LB,$2.49,,,,,,,,,,,,,,,,,,,,
4127,005 PRODUCE,Jon Gold Apples,LB,Per LB,$1.59,,,,,,,,,,,,,,,,,,,,
4128,005 PRODUCE,Pink Lady Apples,LB,Per LB,$2.99,,,,,,,,,,,,,,,,,,,,
4129,005 PRODUCE,Fuji Apple,LB,Per LB,$2.99,,,,,,,,,,,,,,,,,,,,
4130,005 PRODUCE,Pink Lady Apples,LB,Per LB,$2.99,,,,,,,,,,,,,,,,,,,,
4132,005 PRODUCE,Local Gala Apple,LB,Per LB,$2.99,,,,,,,,,,,,,,,,,,,,
4133,005 PRODUCE,Sweet Crisp Gala Apples,LB,Per LB,$2.99,,,,,,,,,,,,,,,,,,,,
4134,005 PRODUCE,Gala Apples,LB,Per LB,$2.99,,,,,,,,,,,,,,,,,,,,
4136,005 PRODUCE,Golden Delicious Apple,LB,Per LB,$1.99,,,,,,,,,,,,,,,,,,,,
4137,005 PRODUCE,Golden Delicious Apple,LB,Per LB,$1.99,,,,,,,,,,,,,,,,,,,,
4139,005 PRODUCE,Apple Granny Smith,LB,Per LB,$2.99,,,,,,,,,,,,,,,,,,,,
4140,005 PRODUCE,Courtland Apples,LB,Per LB,$2.99,,,,,,,,,,,,,,,,,,,,
4153,005 PRODUCE,Macintosh Apples,LB,Per LB,$1.69,,,,,,,,,,,,,,,,,,,,
4154,005 PRODUCE,Apples Macintosh,LB,Per LB,$2.49,,,,,,,,,,,,,,,,,,,,
4155,005 PRODUCE,Macintosh Apples Tote,LB,Per LB,$1.99,,,,,,,,,,,,,,,,,,,,
4159,005 PRODUCE,Vidalia Onions,LB,Per LB,$1.99,,,,,,,,,,,,,,,,,,,,
4161,005 PRODUCE,Sweet Onions,LB,Per LB,$1.99,,,,,,,,,,,,,,,,,,,,
4162,005 PRODUCE,Mutsu Apples,LB,Per LB,$2.49,,,,,,,,,,,,,,,,,,,,
4163,005 PRODUCE,Onion Walla Walla,LB,Per LB,$1.69,,,,,,,,,,,,,,,,,,,,
4165,005 PRODUCE,Sweet Onion,LB,Per LB,$1.99,,,,,,,,,,,,,,,,,,,,
4166,005 PRODUCE,Sweet Mayan Onions,LB,Per LB,$1.99,,,,,,,,,,,,,,,,,,,,
4168,005 PRODUCE,Red Delicious Apples,LB,Per LB,$1.69,,,,,,,,,,,,,,,,,,,,
4171,005 PRODUCE,Rome Beauty Apples,LB,Per LB,$2.49,,,,,,,,,,,,,,,,,,,,
4174,005 PRODUCE,Gala Apples,LB,Per LB,$2.99,,,,,,,,,,,,,,,,,,,,
4175,005 PRODUCE,Gala Apple Tote,LB,Per LB,$2.99,,,,,,,,,,,,,,,,,,,,
4177,005 PRODUCE,Pomme Grise Apples,LB,Per LB,$2.99,,,,,,,,,,,,,,,,,,,,
4181,005 PRODUCE,Winesap Apple,LB,Per LB,$1.99,,,,,,,,,,,,,,,,,,,,
4183,005 PRODUCE,Apple Tote Bag,LB,Per LB,$4.99,,,,,,,,,,,,,,,,,,,,
4188,005 PRODUCE,Nectarines White,LB,Per LB,$3.99,,,,,,,,,,,,,,,,,,,,
4189,005 PRODUCE,Wickson Apples,LB,Per LB,$2.99,,,,,,,,,,,,,,,,,,,,
4193,005 PRODUCE,Macoun Apples,LB,Per LB,$2.99,,,,,,,,,,,,,,,,,,,,
4195,005 PRODUCE,Mccune Apple,LB,Per LB,$2.49,,,,,,,,,,,,,,,,,,,,
4199,005 PRODUCE,Lucy Glow Apple,LB,Per LB,$3.99,,,,,,,,,,,,,,,,,,,,
4200,005 PRODUCE,Golden Apple Tote,LB,Per LB,$2.99,,,,,,,,,,,,,,,,,,,,
4202,005 PRODUCE,Macintosh Apples Otoe,LB,Per LB,$2.99,,,,,,,,,,,,,,,,,,,,
4212,005 PRODUCE,Honey Crisp Apples,LB,Per LB,$2.99,,,,,,,,,,,,,,,,,,,,
4218,005 PRODUCE,Fresh Ripe Apricots,LB,Per LB,$3.99,,,,,,,,,,,,,,,,,,,,
4235,005 PRODUCE,Plantain Bananas,LB,Per LB,$0.99,,,,,,,,,,,,,,,,,,,,
4242,005 PRODUCE,Local Currants,LB,Per LB,$3.99,,,,,,,,,,,,,,,,,,,,
4258,005 PRODUCE,Rainer Cheeries,LB,Per LB,$9.99,,,,,,,,,,,,,,,,,,,,
4277,005 PRODUCE,Green Seedless Grapes,LB,Per LB,$3.99,,,,,,,,,,,,,,,,,,,,
4378,005 PRODUCE,NECTARINES,LB,Per LB,$5.99,,,,,,,,,,,,,,,,,,,,
4400,005 PRODUCE,White Peaches,LB,Per LB,$3.99,,,,,,,,,,,,,,,,,,,,
4401,005 PRODUCE,Sweet White Peaches,LB,Per LB,$4.99,,,,,,,,,,,,,,,,,,,,
4402,005 PRODUCE,SOUTHERN PEACHES,LB,Per LB,$4.99,,,,,,,,,,,,,,,,,,,,
4403,005 PRODUCE,JERSEY PEACHES,LB,Per LB,$4.99,,,,,,,,,,,,,,,,,,,,
4404,005 PRODUCE,Peaches,LB,Per LB,$4.99,,,,,,,,,,,,,,,,,,,,
4405,005 PRODUCE,New York Peaches,LB,Per LB,$1.99,,,,,,,,,,,,,,,,,,,,
4406,005 PRODUCE,Local Peaches,LB,Per LB,$3.99,,,,,,,,,,,,,,,,,,,,
4410,005 PRODUCE,Red Bartlett Pears,LB,Per LB,$3.99,,,,,,,,,,,,,,,,,,,,
4413,005 PRODUCE,Bosc Pears,LB,Per LB,$3.99,,,,,,,,,,,,,,,,,,,,
4414,005 PRODUCE,Sweet Comice Pears,LB,Per LB,$2.99,,,,,,,,,,,,,,,,,,,,
4415,005 PRODUCE,Red D'Anjou Pears,LB,Per LB,$2.99,,,,,,,,,,,,,,,,,,,,
4416,005 PRODUCE,D'Anjou Pears,LB,Per LB,$2.99,,,,,,,,,,,,,,,,,,,,
4417,005 PRODUCE,Red Barlett Pears,LB,Per LB,$3.99,,,,,,,,,,,,,,,,,,,,
4418,005 PRODUCE,Forelle Pears,LB,Per LB,$4.99,,,,,,,,,,,,,,,,,,,,
4419,005 PRODUCE,French Butter Pears,LB,Per LB,$2.99,,,,,,,,,,,,,,,,,,,,
4421,005 PRODUCE,Packham Pears,LB,Per LB,$2.99,,,,,,,,,,,,,,,,,,,,
4422,005 PRODUCE,Seckle Pears,LB,Per LB,$3.99,,,,,,,,,,,,,,,,,,,,
4423,005 PRODUCE,Red Clapp Pears,LB,Per LB,$1.99,,,,,,,,,,,,,,,,,,,,
4426,005 PRODUCE,Anjou Pear,LB,Per LB,$2.99,,,,,,,,,,,,,,,,,,,,
4436,005 PRODUCE,PRUNE PLUMS,LB,Per LB,$3.99,,,,,,,,,,,,,,,,,,,,
4450,005 PRODUCE,Clementines,LB,PER LB,$4.99,,,,,,,,,,,,,,,,,,,,
4452,005 PRODUCE,Paula Red Local Apples,LB,Per LB,$2.49,,,,,,,,,,,,,,,,,,,,
4457,005 PRODUCE,Mandarin Orange,LB,Per LB,$4.99,,,,,,,,,,,,,,,,,,,,
4466,005 PRODUCE,Native Eight Ball Squash,LB,Per LB,$1.49,,,,,,,,,,,,,,,,,,,,
4475,005 PRODUCE,Bosc Pears Tote,LB,Per LB,$0.99,,,,,,,,,,,,,,,,,,,,
4477,005 PRODUCE,Native Edamame,LB,Per LB,$4.99,,,,,,,,,,,,,,,,,,,,
4496,005 PRODUCE,Ruby Red Grapefruit,LB,Per LB,$2.99,,,,,,,,,,,,,,,,,,,,
4497,005 PRODUCE,Green Seedless Grapes,LB,Per LB,$6.99,,,,,,,,,,,,,,,,,,,,
4498,005 PRODUCE,Green Grapes,LB,Per LB,$4.99,,,,,,,,,,,,,,,,,,,,
4499,005 PRODUCE,Red Seedless Grapes,LB,Per LB,$4.99,,,,,,,,,,,,,,,,,,,,
4539,005 PRODUCE,Red Beets,LB,Per LB,$3.99,,,,,,,,,,,,,,,,,,,,
4545,005 PRODUCE,Bok Choy Cabbage,LB,Per LB,$3.99,,,,,,,,,,,,,,,,,,,,
4547,005 PRODUCE,Broccoli Rabe,LB,Per LB,$4.99,,,,,,,,,,,,,,,,,,,,
4550,005 PRODUCE,Brussel Sprouts,LB,Per LB,$5.99,,,,,,,,,,,,,,,,,,,,
4552,005 PRODUCE,Nappa Cabbage,LB,Per LB,$3.99,,,,,,,,,,,,,,,,,,,,
4553,005 PRODUCE,Taylor Gold Pears,LB,Per LB,$3.99,,,,,,,,,,,,,,,,,,,,
4554,005 PRODUCE,Red Cabbage,LB,Per LB,$1.49,,,,,,,,,,,,,,,,,,,,
4555,005 PRODUCE,Cabbage Savoy,LB,Per LB,$1.29,,,,,,,,,,,,,,,,,,,,
4559,005 PRODUCE,Cardone,LB,Per LB,$1.99,,,,,,,,,,,,,,,,,,,,
4564,005 PRODUCE,Maroon Carrots Loose,LB,Per LB,$1.99,,,,,,,,,,,,,,,,,,,,
4592,005 PRODUCE,KIRBY CUCUMBERS,LB,Per LB,$1.99,,,,,,,,,,,,,,,,,,,,
4596,005 PRODUCE,Local Kirby Cucmber,LB,Per LB,$1.99,,,,,,,,,,,,,,,,,,,,
4599,005 PRODUCE,ITALIAN EGGPLANT,LB,Per LB,$4.99,,,,,,,,,,,,,,,,,,,,
4600,005 PRODUCE,Mixed Eggplant,LB,Per LB,$6.99,,,,,,,,,,,,,,,,,,,,
4603,005 PRODUCE,Graffit1 Eggplant,LB,Per LB,$3.99,,,,,,,,,,,,,,,,,,,,
4605,005 PRODUCE,Escarole,LB,Per LB,$2.99,,,,,,,,,,,,,,,,,,,,
4608,005 PRODUCE,Garlic Cloves,LB,Per LB,$5.99,,,,,,,,,,,,,,,,,,,,
4609,005 PRODUCE,Elephant Garlic,LB,Per LB,$6.99,,,,,,,,,,,,,,,,,,,,
4612,005 PRODUCE,Gingeroot,LB,Per LB,$5.99,,,,,,,,,,,,,,,,,,,,
4626,005 PRODUCE,Jicama,LB,Per LB,$2.99,,,,,,,,,,,,,,,,,,,,
4648,005 PRODUCE,Baby Bella Mushrooms,LB,PER LB,$2.99,,,,,,,,,,,,,,,,,,,,
4650,005 PRODUCE,Loose Mushrooms,LB,Per LB,$9.99,,,,,,,,,,,,,,,,,,,,
4659,005 PRODUCE,Spring Onions,LB,Per LB,$2.99,,,,,,,,,,,,,,,,,,,,
4662,005 PRODUCE,Shallots,LB,Per LB,$2.99,,,,,,,,,,,,,,,,,,,,
4663,005 PRODUCE,White Onions,LB,Per LB,$1.99,,,,,,,,,,,,,,,,,,,,
4664,005 PRODUCE,Tomatoes On The Vine,LB,Per LB,$4.99,,,,,,,,,,,,,,,,,,,,
4665,005 PRODUCE,Loose Yellow Onions,LB,Per LB,$1.99,,,,,,,,,,,,,,,,,,,,
4666,005 PRODUCE,Cippolini Onions,LB,Per LB,$3.99,,,,,,,,,,,,,,,,,,,,
4672,005 PRODUCE,Parsnips,LB,Per LB,$1.69,,,,,,,,,,,,,,,,,,,,
4675,005 PRODUCE,English Peas,LB,Per LB,$4.99,,,,,,,,,,,,,,,,,,,,
4677,005 PRODUCE,Anaheim Pepper,LB,Per LB,$5.99,,,,,,,,,,,,,,,,,,,,
4678,005 PRODUCE,Red Peppers,LB,Per LB,$4.99,,,,,,,,,,,,,,,,,,,,
4680,005 PRODUCE,Yellow Peppers,LB,Per LB,$4.99,,,,,,,,,,,,,,,,,,,,
4686,005 PRODUCE,Habanero Chile Pepper,LB,Per LB,$5.99,,,,,,,,,,,,,,,,,,,,
4687,005 PRODUCE,Cubanelle Frying Peppers,LB,Per LB,$5.99,,,,,,,,,,,,,,,,,,,,
4689,005 PRODUCE,Sweet Yellow Peppers,LB,Per LB,$4.99,,,,,,,,,,,,,,,,,,,,
4691,005 PRODUCE,Jalepeno Peppers,LB,Per LB,$10.99,,,,,,,,,,,,,,,,,,,,
4693,005 PRODUCE,Jalapeno Pepper,LB,Per LB,$5.99,,,,,,,,,,,,,,,,,,,,
4705,005 PRODUCE,Poblano Pepper,LB,Per LB,$6.99,,,,,,,,,,,,,,,,,,,,
4709,005 PRODUCE,Serrano Pepper,LB,Per LB,$4.99,,,,,,,,,,,,,,,,,,,,
4723,005 PRODUCE,Red Potatoes,LB,Per LB,$1.99,,,,,,,,,,,,,,,,,,,,
4724,005 PRODUCE,Small White Creamer Potatoes,LB,Per LB,$1.99,,,,,,,,,,,,,,,,,,,,
4727,005 PRODUCE,Yukon Gold Potatoes,LB,Per LB,$1.99,,,,,,,,,,,,,,,,,,,,
4728,005 PRODUCE,Klondike Rose Potatoes,LB,Per LB,$0.99,,,,,,,,,,,,,,,,,,,,
4734,005 PRODUCE,Mini Pumpkins,LB,Per LB,$2.99,,,,,,,,,,,,,,,,,,,,
4735,005 PRODUCE,Sugar Pumpkins,LB,Per LB,$2.99,,,,,,,,,,,,,,,,,,,,
4738,005 PRODUCE,Radiccio,LB,Per LB,$4.99,,,,,,,,,,,,,,,,,,,,
4744,005 PRODUCE,JACK BE LITTLE PUMPKINS,LB,Per LB,$2.99,,,,,,,,,,,,,,,,,,,,
4745,005 PRODUCE,Rhubarb,LB,Per LB,$7.99,,,,,,,,,,,,,,,,,,,,
4747,005 PRODUCE,Wax Turnips,LB,Per LB,$1.69,,,,,,,,,,,,,,,,,,,,
4749,005 PRODUCE,Colored Radishes,LB,Per LB,$1.99,,,,,,,,,,,,,,,,,,,,
4750,005 PRODUCE,Acorn Squash,LB,Per LB,$2.99,,,,,,,,,,,,,,,,,,,,
4751,005 PRODUCE,Golden Acorn Squash,LB,Per LB,$1.99,,,,,,,,,,,,,,,,,,,,
4752,005 PRODUCE,White Acorn Squash,LB,Per LB,$2.99,,,,,,,,,,,,,,,,,,,,
4756,005 PRODUCE,Gold Bar Squash,LB,Per LB,$1.99,,,,,,,,,,,,,,,,,,,,
4758,005 PRODUCE,Buttercup Squash,LB,Per LB,$1.99,,,,,,,,,,,,,,,,,,,,
4759,005 PRODUCE,Butternut Squash,LB,Per LB,$2.99,,,,,,,,,,,,,,,,,,,,
4763,005 PRODUCE,Delicata Squash,LB,Per LB,$2.99,,,,,,,,,,,,,,,,,,,,
4764,005 PRODUCE,Sweet Dumpling Squash,LB,Per LB,$2.49,,,,,,,,,,,,,,,,,,,,
4766,005 PRODUCE,Golden Buttercup Squash,LB,Per LB,$0.99,,,,,,,,,,,,,,,,,,,,
4771,005 PRODUCE,FLORIDA AVOCADOS,LB,Per LB,$3.99,,,,,,,,,,,,,,,,,,,,
4776,005 PRODUCE,Spaghetti Squash,LB,Per LB,$2.99,,,,,,,,,,,,,,,,,,,,
4779,005 PRODUCE,Tomatoes On The Vine,LB,Per LB,$4.99,,,,,,,,,,,,,,,,,,,,
4780,005 PRODUCE,Turban Squash,LB,Per LB,$2.49,,,,,,,,,,,,,,,,,,,,
4782,005 PRODUCE,Yellow Squash,LB,Per LB,$1.99,,,,,,,,,,,,,,,,,,,,
4784,005 PRODUCE,Honeynut Squash,LB,Per LB,$3.99,,,,,,,,,,,,,,,,,,,,
4787,005 PRODUCE,Hubbard Squash,LB,Per LB,$0.99,,,,,,,,,,,,,,,,,,,,
4788,005 PRODUCE,Golden Butternut Squash,LB,Per LB,$1.29,,,,,,,,,,,,,,,,,,,,
4789,005 PRODUCE,Winter Squash,LB,Per LB,$1.99,,,,,,,,,,,,,,,,,,,,
4798,005 PRODUCE,Beefsteak Tomatoes,LB,Per LB,$4.99,,,,,,,,,,,,,,,,,,,,
4799,005 PRODUCE,HOTHOUSE TOMATOES,LB,Per LB,$3.99,,,,,,,,,,,,,,,,,,,,
4800,005 PRODUCE,LOCAL TOMATOES,LB,Per LB,$5.99,,,,,,,,,,,,,,,,,,,,
4801,005 PRODUCE,Green Tomatillos,LB,Per LB,$4.99,,,,,,,,,,,,,,,,,,,,
4802,005 PRODUCE,Loose Grape Tomatoes,LB,Per LB,$2.99,,,,,,,,,,,,,,,,,,,,
4805,005 PRODUCE,Native Beef Steak Tomatoes,LB,Per LB,$4.99,,,,,,,,,,,,,,,,,,,,
4806,005 PRODUCE,Tomatoes On The Vine,LB,Per LB,$3.99,,,,,,,,,,,,,,,,,,,,
4808,005 PRODUCE,Beefsteak Tomatoes,LB,Per LB,$4.99,,,,,,,,,,,,,,,,,,,,
4811,005 PRODUCE,Purple-Top Turnips,LB,Per LB,$1.69,,,,,,,,,,,,,,,,,,,,
4816,005 PRODUCE,Fancy Yams,LB,Per LB,$1.69,,,,,,,,,,,,,,,,,,,,
4910,005 PRODUCE,Pickling Cucumber Local,LB,Per LB,$0.99,,,,,,,,,,,,,,,,,,,,
4927,005 PRODUCE,Chestnuts,LB,Per LB,$9.99,,,,,,,,,,,,,,,,,,,,
4961,005 PRODUCE,Champagne Mango,LB,Per LB,$1.99,,,,,,,,,,,,,,,,,,,,
5012,005 PRODUCE,Veggie Power Blend,LB,Per LB,$8.99,,,,,,,,,,,,,,,,,,,,
5066,005 PRODUCE,Turkish Apricots,LB,Per LB,$14.99,,,,,,,,,,,,,,,,,,,,
5071,005 PRODUCE,Fruit Salad Cup- Large,LB,Per LB,$10.99,,,,,,,,,,,,,,,,,,,,
5072,005 PRODUCE,Fruit Salad Cup- Small,LB,Per LB,$10.99,,,,,,,,,,,,,,,,,,,,
5073,005 PRODUCE,Fruit Mix,LB,Per LB,$9.99,,,,,,,,,,,,,,,,,,,,
5074,005 PRODUCE,Fruit Salad Bowl- Large,LB,Per LB,$10.99,,,,,,,,,,,,,,,,,,,,
5075,005 PRODUCE,Fruit Salad Bowl- Small,LB,Per LB,$10.99,,,,,,,,,,,,,,,,,,,,
5076,005 PRODUCE,Fresh Dates,LB,Per LB,$9.99,,,,,,,,,,,,,,,,,,,,
5078,005 PRODUCE,Palmer's Own Diced Carrots,LB,Per LB,$9.99,,,,,,,,,,,,,,,,,,,,
5079,005 PRODUCE,Palmer's Own Diced Celery,LB,Per LB,$9.99,,,,,,,,,,,,,,,,,,,,
5080,005 PRODUCE,VINE CHERRY TOMATOES,LB,Per LB,$6.99,,,,,,,,,,,,,,,,,,,,
5082,005 PRODUCE,HEALTH JUICING MIX,LB,Per LB,$6.99,,,,,,,,,,,,,,,,,,,,
5083,005 PRODUCE,Turkish Figs,LB,Per LB,$12.99,,,,,,,,,,,,,,,,,,,,
5088,005 PRODUCE,Melon Mix,LB,Per LB,$10.99,,,,,,,,,,,,,,,,,,,,
5092,005 PRODUCE,Palmer's Own Diced Onions,LB,Per LB,$10.99,,,,,,,,,,,,,,,,,,,,
5093,005 PRODUCE,Rainbow Peppers,LB,Per LB,$7.99,,,,,,,,,,,,,,,,,,,,
5096,005 PRODUCE,Diced Onion,LB,Per LB,$8.99,,,,,,,,,,,,,,,,,,,,
5098,005 PRODUCE,Peeled Butternut,LB,Per LB,$4.99,,,,,,,,,,,,,,,,,,,,
5099,005 PRODUCE,Cut Wax Turnips,LB,Per LB,$3.99,,,,,,,,,,,,,,,,,,,,
5101,005 PRODUCE,Parsnips,LB,Per LB,$3.99,,,,,,,,,,,,,,,,,,,,
5103,005 PRODUCE,Purple Top Turnips,LB,Per LB,$3.99,,,,,,,,,,,,,,,,,,,,
5105,005 PRODUCE,Frisee Lettuce,LB,Per LB,$10.99,,,,,,,,,,,,,,,,,,,,
5110,005 PRODUCE,BABY BROCCOLI CROWNS,LB,Per LB,$3.99,,,,,,,,,,,,,,,,,,,,
5114,005 PRODUCE,Radicchio,LB,Per LB,$3.99,,,,,,,,,,,,,,,,,,,,
5116,005 PRODUCE,Belgian Endive,LB,Per LB,$6.99,,,,,,,,,,,,,,,,,,,,
5117,005 PRODUCE,Pineapple Cup- Large,LB,Per LB,$10.99,,,,,,,,,,,,,,,,,,,,
5118,005 PRODUCE,Cauliflower Florets,LB,Per LB,$3.99,,,,,,,,,,,,,,,,,,,,
5119,005 PRODUCE,Cauliflower Florets,LB,Per LB,$3.99,,,,,,,,,,,,,,,,,,,,
5120,005 PRODUCE,Pineapple Cup- Small,LB,Per LB,$10.99,,,,,,,,,,,,,,,,,,,,
5121,005 PRODUCE,Honeydew Cup- Small,LB,Per LB,$10.99,,,,,,,,,,,,,,,,,,,,
5122,005 PRODUCE,Savoy Cabbage,LB,Per LB,$1.29,,,,,,,,,,,,,,,,,,,,
5124,005 PRODUCE,Honeydew Cup- large,LB,Per LB,$10.99,,,,,,,,,,,,,,,,,,,,
5125,005 PRODUCE,Rhubarb,LB,Per LB,$7.99,,,,,,,,,,,,,,,,,,,,
5134,005 PRODUCE,Squash Slices,LB,Per LB,$7.99,,,,,,,,,,,,,,,,,,,,
5135,005 PRODUCE,French Beans,LB,Per LB,$12.99,,,,,,,,,,,,,,,,,,,,
5140,005 PRODUCE,English Pear USA,LB,Per LB,$6.99,,,,,,,,,,,,,,,,,,,,
5141,005 PRODUCE,Snow Peas,LB,Per LB,$8.99,,,,,,,,,,,,,,,,,,,,
5142,005 PRODUCE,Sugar Snap Peas,LB,Per LB,$8.99,,,,,,,,,,,,,,,,,,,,
5145,005 PRODUCE,Watermelon Seedless,LB,Per LB,$1.49,,,,,,,,,,,,,,,,,,,,
5146,005 PRODUCE,Bi-Colored Corn Package,LB,Per LB,$5.99,,,,,,,,,,,,,,,,,,,,
5147,005 PRODUCE,Baby Carrots with Tops,LB,Per LB,$12.99,,,,,,,,,,,,,,,,,,,,
5149,005 PRODUCE,Cantaloupe Cup- Small,LB,Per LB,$10.99,,,,,,,,,,,,,,,,,,,,
5151,005 PRODUCE,Cantaloupe Cup- Large,LB,Per LB,$10.99,,,,,,,,,,,,,,,,,,,,
5153,005 PRODUCE,Organic Broccoli,LB,Per LB,$4.99,,,,,,,,,,,,,,,,,,,,
5154,005 PRODUCE,Peeled Garlic,LB,Per LB,$6.99,,,,,,,,,,,,,,,,,,,,
5159,005 PRODUCE,Brussel Sprouts,LB,Per LB,$5.99,,,,,,,,,,,,,,,,,,,,
5161,005 PRODUCE,Brussel Sprout Halves,LB,Per LB,$9.99,,,,,,,,,,,,,,,,,,,,
5162,005 PRODUCE,Shredded Brussels Sprouts,LB,Per LB,$12.99,,,,,,,,,,,,,,,,,,,,
5171,005 PRODUCE,Citrus Salad,LB,Per LB,$6.99,,,,,,,,,,,,,,,,,,,,
5188,005 PRODUCE,Portabella Caps,LB,Per LB,$6.99,,,,,,,,,,,,,,,,,,,,
5206,005 PRODUCE,Palmer's Own Mango Slices,LB,Per LB,$15.99,,,,,,,,,,,,,,,,,,,,
5207,005 PRODUCE,Half Meridol Papaya,LB,Per LB,$2.99,,,,,,,,,,,,,,,,,,,,
5233,005 PRODUCE,Blueberry & Strawberry Mix,LB,Per LB,$12.99,,,,,,,,,,,,,,,,,,,,
5234,005 PRODUCE,Dragon Fruit,LB,Per LB,$9.99,,,,,,,,,,,,,,,,,,,,
5236,005 PRODUCE,SLICED DRIED PINEAPPLE,LB,Per LB,$9.99,,,,,,,,,,,,,,,,,,,,
5267,005 PRODUCE,BABY BOKCHOY,LB,Per LB,$6.99,,,,,,,,,,,,,,,,,,,,
5273,005 PRODUCE,IMPORTED ITALIAN FIGS,LB,Per LB,$12.99,,,,,,,,,,,,,,,,,,,,
5406,005 PRODUCE,Dried Pears,LB,Per LB,$13.99,,,,,,,,,,,,,,,,,,,,
5410,005 PRODUCE,Dried Sliced Pineapples,LB,Per LB,$15.99,,,,,,,,,,,,,,,,,,,,
5413,005 PRODUCE,STRAWBERRY WATERMELON MIX,LB,Per LB,$10.99,,,,,,,,,,,,,,,,,,,,
5416,005 PRODUCE,California Blenheim Apricots,LB,Per LB,$30.00,,,,,,,,,,,,,,,,,,,,
5909,005 PRODUCE,Sclafani Sundried Tomatoes,LB,Per LB,$19.99,,,,,,,,,,,,,,,,,,,,
5910,005 PRODUCE,Pickling Cucumbers,LB,Per LB,$1.99,,,,,,,,,,,,,,,,,,,,
5912,005 PRODUCE,DRIED APPLES,LB,Per LB,$9.99,,,,,,,,,,,,,,,,,,,,
5991,005 PRODUCE,Misc Produce,LB,Per LB,$2.99,,,,,,,,,,,,,,,,,,,,
5993,005 PRODUCE,Fresh Guacamole,LB,Per LB,$7.99,,,,,,,,,,,,,,,,,,,,
5997,005 PRODUCE,Organic Broccoli Crowns,LB,Per LB,$6.99,,,,,,,,,,,,,,,,,,,,
5999,005 PRODUCE,Cored Pineapple,LB,Per LB,$3.99,,,,,,,,,,,,,,,,,,,,
9797,005 PRODUCE,Broccoli Crowns,LB,Per LB,$3.99,,,,,,,,,,,,,,,,,,,,
30403,005 PRODUCE,DRAGON FRUIT,LB,Per LB,$4.99,,,,,,,,,,,,,,,,,,,,
32834,005 PRODUCE,APPLES-HONEYCRISP,LB,Per LB,$2.99,,,,,,,,,,,,,,,,,,,,
40174,005 PRODUCE,Apples-Granny Smith 88 Ct,LB,Per LB,$2.49,,,,,,,,,,,,,,,,,,,,
40815,005 PRODUCE,Eggplant,LB,Per LB,$1.99,,,,,,,,,,,,,,,,,,,,
44400,005 PRODUCE,Plums,LB,Per LB,$3.99,,,,,,,,,,,,,,,,,,,,
46961,005 PRODUCE,PEPPERS - LONG HOTS,LB,Per LB,$5.99,,,,,,,,,,,,,,,,,,,,
48019,005 PRODUCE,TOMATILLO,LB,Per LB,$0.00,,,,,,,,,,,,,,,,,,,,
93035,005 PRODUCE,,LB,Per LB,$4.99,,,,,,,,,,,,,,,,,,,,
93278,005 PRODUCE,Dried Cal Peaches,LB,Per LB,$19.99,,,,,,,,,,,,,,,,,,,,
93283,005 PRODUCE,Organic Honeycrisp Apples,LB,Per LB,$5.99,,,,,,,,,,,,,,,,,,,,
93293,005 PRODUCE,Jazz Apples,LB,Per LB,$2.49,,,,,,,,,,,,,,,,,,,,
93423,005 PRODUCE,Organic Heirloom Tomatoes,LB,Per LB,$5.99,,,,,,,,,,,,,,,,,,,,
93507,005 PRODUCE,ORGANIC COSMIC CRISP APPLE,LB,Per LB,$4.99,,,,,,,,,,,,,,,,,,,,
94016,005 PRODUCE,Organic Red Delicious Apples,LB,Per LB,$1.99,,,,,,,,,,,,,,,,,,,,
94017,005 PRODUCE,Organic Granny Smith Apples,LB,Per LB,$3.99,,,,,,,,,,,,,,,,,,,,
94022,005 PRODUCE,Organic Green Grapes,LB,Per LB,$5.99,,,,,,,,,,,,,,,,,,,,
94023,005 PRODUCE,Organic Red Grapes,LB,Per LB,$5.99,,,,,,,,,,,,,,,,,,,,
94026,005 PRODUCE,Organic Bosc Pear,LB,Per LB,$2.99,,,,,,,,,,,,,,,,,,,,
94030,005 PRODUCE,Organic Kiwi,LB,Per LB,$0.79,,,,,,,,,,,,,,,,,,,,
94038,005 PRODUCE,Organic Yellow Peaches,LB,Per LB,$5.99,,,,,,,,,,,,,,,,,,,,
94045,005 PRODUCE,Organic Cherries,LB,Per LB,$9.99,,,,,,,,,,,,,,,,,,,,
94060,005 PRODUCE,Organic Broccoli,LB,Per LB,$5.99,,,,,,,,,,,,,,,,,,,,
94061,005 PRODUCE,Pure Pacific Organic Iceberg Lettuce,LB,Per LB,$4.99,,,,,,,,,,,,,,,,,,,,
94067,005 PRODUCE,Organic Green Squash,LB,Per LB,$1.99,,,,,,,,,,,,,,,,,,,,
94079,005 PRODUCE,Organic Cauliflower,LB,Per LB,$6.99,,,,,,,,,,,,,,,,,,,,
94080,005 PRODUCE,Organic Asparagus,LB,Per LB,$7.99,,,,,,,,,,,,,,,,,,,,
94088,005 PRODUCE,Organic Red Peppers,LB,Per LB,$4.99,,,,,,,,,,,,,,,,,,,,
94128,005 PRODUCE,Organic Pink Lady Apple,LB,Per LB,$3.99,,,,,,,,,,,,,,,,,,,,
94129,005 PRODUCE,Organic Fuji Apple,LB,Per LB,$3.99,,,,,,,,,,,,,,,,,,,,
94130,005 PRODUCE,Organic Pink Lady Apples,LB,Per LB,$3.99,,,,,,,,,,,,,,,,,,,,
94131,005 PRODUCE,Organic Fuji Apples,LB,Per LB,$3.99,,,,,,,,,,,,,,,,,,,,
94135,005 PRODUCE,Organic Gala Apples,LB,Per LB,$3.99,,,,,,,,,,,,,,,,,,,,
94139,005 PRODUCE,Organic Granny Smith Apples,LB,Per LB,$3.99,,,,,,,,,,,,,,,,,,,,
94166,005 PRODUCE,Org Yellow Onions,LB,Per LB,$3.99,,,,,,,,,,,,,,,,,,,,
94288,005 PRODUCE,Organic Grapefruit,LB,Per LB,$2.99,,,,,,,,,,,,,,,,,,,,
94377,005 PRODUCE,Organic Nectarines,LB,Per LB,$5.99,,,,,,,,,,,,,,,,,,,,
94378,005 PRODUCE,Organic Nectarines,LB,Per LB,$5.99,,,,,,,,,,,,,,,,,,,,
94401,005 PRODUCE,Organic Peach,LB,Per LB,$5.99,,,,,,,,,,,,,,,,,,,,
94409,005 PRODUCE,Organic Bartlett Pears,LB,Per LB,$3.99,,,,,,,,,,,,,,,,,,,,
94413,005 PRODUCE,Organic Bosc Pears,LB,Per LB,$3.99,,,,,,,,,,,,,,,,,,,,
94415,005 PRODUCE,Organic Red Pears,LB,Per LB,$3.49,,,,,,,,,,,,,,,,,,,,
94416,005 PRODUCE,Organic D'Anjou Pears,LB,Per LB,$3.99,,,,,,,,,,,,,,,,,,,,
94417,005 PRODUCE,Organic Red Pears,LB,Per LB,$3.49,,,,,,,,,,,,,,,,,,,,
94421,005 PRODUCE,Organic Packham Pear,LB,Per LB,$2.99,,,,,,,,,,,,,,,,,,,,
94497,005 PRODUCE,Organic Green Grapes,LB,Per LB,$6.99,,,,,,,,,,,,,,,,,,,,
94498,005 PRODUCE,Organic Green Grapes,LB,Per LB,$5.99,,,,,,,,,,,,,,,,,,,,
94547,005 PRODUCE,ORGANIC BROCCOLI RABE,LB,Per LB,$5.99,,,,,,,,,,,,,,,,,,,,
94664,005 PRODUCE,Organic Cluster Tomatoes,LB,Per LB,$5.99,,,,,,,,,,,,,,,,,,,,
94688,005 PRODUCE,Organic Red Peppers,LB,Per LB,$5.99,,,,,,,,,,,,,,,,,,,,
94799,005 PRODUCE,Organic Tomatoes,LB,Per LB,$4.99,,,,,,,,,,,,,,,,,,,,
94816,005 PRODUCE,Organic Garnet Yams,LB,Per LB,$2.99,,,,,,,,,,,,,,,,,,,,
94817,005 PRODUCE,Organic Yams,LB,Per LB,$2.99,,,,,,,,,,,,,,,,,,,,
